date,indicator_name,classification1,classification2,close
2026-01-01,消費税を除く国内企業物価指数,(参考)夏季電力料金調整後,小類別/__電力,129.9
2026-01-01,消費税を除く国内企業物価指数,(参考)夏季電力料金調整後,類別/_電力・都市ガス・水道,131.0
2026-01-01,消費税を除く国内企業物価指数,品目,18リットル缶,133.0
2026-01-01,消費税を除く国内企業物価指数,品目,あん,114.8
2026-01-01,消費税を除く国内企業物価指数,品目,うず巻ポンプ,133.2
2026-01-01,消費税を除く国内企業物価指数,品目,うま味・風味調味料,114.0
2026-01-01,消費税を除く国内企業物価指数,品目,おう版印刷物,112.9
2026-01-01,消費税を除く国内企業物価指数,品目,かつおパック,139.2
2026-01-01,消費税を除く国内企業物価指数,品目,かばん・袋物,114.7
2026-01-01,消費税を除く国内企業物価指数,品目,がん具,110.1
2026-01-01,消費税を除く国内企業物価指数,品目,ころ軸受,114.1
2026-01-01,消費税を除く国内企業物価指数,品目,こんにゃく,111.4
2026-01-01,消費税を除く国内企業物価指数,品目,しょう油,118.0
2026-01-01,消費税を除く国内企業物価指数,品目,しらす干し,140.0
2026-01-01,消費税を除く国内企業物価指数,品目,すし・弁当・おにぎり,144.8
2026-01-01,消費税を除く国内企業物価指数,品目,そう菜,118.1
2026-01-01,消費税を除く国内企業物価指数,品目,たばこ,116.7
2026-01-01,消費税を除く国内企業物価指数,品目,たれ・めんつゆ,108.8
2026-01-01,消費税を除く国内企業物価指数,品目,つくだ煮,127.4
2026-01-01,消費税を除く国内企業物価指数,品目,てん菜,134.2
2026-01-01,消費税を除く国内企業物価指数,品目,でん粉,138.6
2026-01-01,消費税を除く国内企業物価指数,品目,ねり製品,123.5
2026-01-01,消費税を除く国内企業物価指数,品目,はかり,124.8
2026-01-01,消費税を除く国内企業物価指数,品目,はん用内燃機関,124.4
2026-01-01,消費税を除く国内企業物価指数,品目,ばね,114.9
2026-01-01,消費税を除く国内企業物価指数,品目,ひき割,149.5
2026-01-01,消費税を除く国内企業物価指数,品目,ひき角,131.3
2026-01-01,消費税を除く国内企業物価指数,品目,ぶどう糖・水あめ,139.5
2026-01-01,消費税を除く国内企業物価指数,品目,みそ,132.4
2026-01-01,消費税を除く国内企業物価指数,品目,アイスクリーム,127.2
2026-01-01,消費税を除く国内企業物価指数,品目,アクリロニトリル,171.4
2026-01-01,消費税を除く国内企業物価指数,品目,アスファルト,165.1
2026-01-01,消費税を除く国内企業物価指数,品目,アスファルト塗工紙,127.2
2026-01-01,消費税を除く国内企業物価指数,品目,アルカリ・リチウムイオン蓄電池,101.6
2026-01-01,消費税を除く国内企業物価指数,品目,アルミニウムサッシ,133.3
2026-01-01,消費税を除く国内企業物価指数,品目,アルミニウム合金ダイカスト,135.2
2026-01-01,消費税を除く国内企業物価指数,品目,アルミニウム合金・同二次合金地金,215.3
2026-01-01,消費税を除く国内企業物価指数,品目,アルミニウム製飲料用缶,132.6
2026-01-01,消費税を除く国内企業物価指数,品目,アルミニウム鍛造品,126.2
2026-01-01,消費税を除く国内企業物価指数,品目,アルミ圧延製品,155.4
2026-01-01,消費税を除く国内企業物価指数,品目,イグニッションコイル,115.9
2026-01-01,消費税を除く国内企業物価指数,品目,ウイスキー,118.7
2026-01-01,消費税を除く国内企業物価指数,品目,エチレン,182.6
2026-01-01,消費税を除く国内企業物価指数,品目,エレベータ,142.2
2026-01-01,消費税を除く国内企業物価指数,品目,カメラ用交換レンズ,109.8
2026-01-01,消費税を除く国内企業物価指数,品目,カーエアコン・同部品,112.2
2026-01-01,消費税を除く国内企業物価指数,品目,ガス暖房・調理装置,128.4
2026-01-01,消費税を除く国内企業物価指数,品目,ガソリン,115.7
2026-01-01,消費税を除く国内企業物価指数,品目,ガラス容器,147.8
2026-01-01,消費税を除く国内企業物価指数,品目,ガラス繊維・同製品,133.0
2026-01-01,消費税を除く国内企業物価指数,品目,ガラス製加工素材,101.3
2026-01-01,消費税を除く国内企業物価指数,品目,キシレン,209.8
2026-01-01,消費税を除く国内企業物価指数,品目,キャンデー,123.7
2026-01-01,消費税を除く国内企業物価指数,品目,クッキングヒーター,111.9
2026-01-01,消費税を除く国内企業物価指数,品目,クラフト紙,128.0
2026-01-01,消費税を除く国内企業物価指数,品目,クレーン,151.8
2026-01-01,消費税を除く国内企業物価指数,品目,コンクリートブロック,139.7
2026-01-01,消費税を除く国内企業物価指数,品目,コンクリート機械,128.3
2026-01-01,消費税を除く国内企業物価指数,品目,コンクリート管・ポール・パイル,143.0
2026-01-01,消費税を除く国内企業物価指数,品目,コントロールユニット,101.0
2026-01-01,消費税を除く国内企業物価指数,品目,コンバイン,112.2
2026-01-01,消費税を除く国内企業物価指数,品目,コンベヤ,108.9
2026-01-01,消費税を除く国内企業物価指数,品目,コーヒー,185.7
2026-01-01,消費税を除く国内企業物価指数,品目,コーヒー飲料,124.4
2026-01-01,消費税を除く国内企業物価指数,品目,ゴムベルト,114.5
2026-01-01,消費税を除く国内企業物価指数,品目,ゴムホース,109.9
2026-01-01,消費税を除く国内企業物価指数,品目,ゴムロール,107.4
2026-01-01,消費税を除く国内企業物価指数,品目,ゴム練生地,153.9
2026-01-01,消費税を除く国内企業物価指数,品目,ゴム製パッキン,103.8
2026-01-01,消費税を除く国内企業物価指数,品目,サプリメント,106.5
2026-01-01,消費税を除く国内企業物価指数,品目,サーミスタ,110.5
2026-01-01,消費税を除く国内企業物価指数,品目,シャシー・車体構成部品,116.1
2026-01-01,消費税を除く国内企業物価指数,品目,シャッター,136.3
2026-01-01,消費税を除く国内企業物価指数,品目,ショートニング,179.7
2026-01-01,消費税を除く国内企業物価指数,品目,シリアル,119.6
2026-01-01,消費税を除く国内企業物価指数,品目,シリコンウエハ,101.6
2026-01-01,消費税を除く国内企業物価指数,品目,シンナー,136.7
2026-01-01,消費税を除く国内企業物価指数,品目,ジェット燃料油,181.5
2026-01-01,消費税を除く国内企業物価指数,品目,ジュエリー,199.1
2026-01-01,消費税を除く国内企業物価指数,品目,ジュース,142.3
2026-01-01,消費税を除く国内企業物価指数,品目,スチレンモノマー,185.8
2026-01-01,消費税を除く国内企業物価指数,品目,スチール机・いす,132.4
2026-01-01,消費税を除く国内企業物価指数,品目,ステンレス冷延鋼板,148.1
2026-01-01,消費税を除く国内企業物価指数,品目,ステンレス鋼管,99.8
2026-01-01,消費税を除く国内企業物価指数,品目,スナック菓子,130.3
2026-01-01,消費税を除く国内企業物価指数,品目,スポーツドリンク,121.7
2026-01-01,消費税を除く国内企業物価指数,品目,センサデバイス,110.1
2026-01-01,消費税を除く国内企業物価指数,品目,ソース,138.1
2026-01-01,消費税を除く国内企業物価指数,品目,ソーダ工業製品,133.0
2026-01-01,消費税を除く国内企業物価指数,品目,タオル,118.4
2026-01-01,消費税を除く国内企業物価指数,品目,タービン,127.2
2026-01-01,消費税を除く国内企業物価指数,品目,ダイオード・整流素子,121.9
2026-01-01,消費税を除く国内企業物価指数,品目,ダイヤモンド工具,117.7
2026-01-01,消費税を除く国内企業物価指数,品目,チューインガム,122.1
2026-01-01,消費税を除く国内企業物価指数,品目,チョコレート,177.6
2026-01-01,消費税を除く国内企業物価指数,品目,チーズ,124.3
2026-01-01,消費税を除く国内企業物価指数,品目,ティッシュペーパー,118.7
2026-01-01,消費税を除く国内企業物価指数,品目,トイレットペーパー,128.5
2026-01-01,消費税を除く国内企業物価指数,品目,トラック,106.0
2026-01-01,消費税を除く国内企業物価指数,品目,トランジスタ,104.6
2026-01-01,消費税を除く国内企業物価指数,品目,ドラム缶,150.5
2026-01-01,消費税を除く国内企業物価指数,品目,ナフサ,200.7
2026-01-01,消費税を除く国内企業物価指数,品目,ノンアルコール飲料,114.8
2026-01-01,消費税を除く国内企業物価指数,品目,ノーカーボン紙・粘着紙,134.9
2026-01-01,消費税を除く国内企業物価指数,品目,バス,106.4
2026-01-01,消費税を除く国内企業物価指数,品目,バター,133.8
2026-01-01,消費税を除く国内企業物価指数,品目,バルブ,132.6
2026-01-01,消費税を除く国内企業物価指数,品目,パイプ加工品,123.9
2026-01-01,消費税を除く国内企業物価指数,品目,パレット,123.9
2026-01-01,消費税を除く国内企業物価指数,品目,パン粉,121.8
2026-01-01,消費税を除く国内企業物価指数,品目,パーソナルコンピュータ,112.6
2026-01-01,消費税を除く国内企業物価指数,品目,ビスケット類,113.9
2026-01-01,消費税を除く国内企業物価指数,品目,ビデオ機器・デジタルカメラ,130.6
2026-01-01,消費税を除く国内企業物価指数,品目,ビール,106.7
2026-01-01,消費税を除く国内企業物価指数,品目,ピストンリング,106.0
2026-01-01,消費税を除く国内企業物価指数,品目,フェノール・ビスフェノールＡ,120.4
2026-01-01,消費税を除く国内企業物価指数,品目,フェルト生地・不織布,111.9
2026-01-01,消費税を除く国内企業物価指数,品目,フェロマンガン,150.2
2026-01-01,消費税を除く国内企業物価指数,品目,フォトマスク,122.2
2026-01-01,消費税を除く国内企業物価指数,品目,フォークリフトトラック・同部品,122.6
2026-01-01,消費税を除く国内企業物価指数,品目,フッ素樹脂,151.6
2026-01-01,消費税を除く国内企業物価指数,品目,ブタン・ブチレン・ブタジエン,208.3
2026-01-01,消費税を除く国内企業物価指数,品目,ブリキ・クロムめっき鋼板,142.0
2026-01-01,消費税を除く国内企業物価指数,品目,プラスチックフィルム・シート,119.4
2026-01-01,消費税を除く国内企業物価指数,品目,プラスチック加工機械,120.9
2026-01-01,消費税を除く国内企業物価指数,品目,プラスチック床材,128.0
2026-01-01,消費税を除く国内企業物価指数,品目,プラスチック板,126.2
2026-01-01,消費税を除く国内企業物価指数,品目,プラスチック管,151.4
2026-01-01,消費税を除く国内企業物価指数,品目,プラスチック継手,134.1
2026-01-01,消費税を除く国内企業物価指数,品目,プラスチック被覆銅線,272.5
2026-01-01,消費税を除く国内企業物価指数,品目,プラスチック製中空成形容器,111.7
2026-01-01,消費税を除く国内企業物価指数,品目,プラスチック製容器（除中空成形）,127.4
2026-01-01,消費税を除く国内企業物価指数,品目,プラスチック製日用品,108.2
2026-01-01,消費税を除く国内企業物価指数,品目,プラスチック雨どい,125.9
2026-01-01,消費税を除く国内企業物価指数,品目,プリント配線板,120.7
2026-01-01,消費税を除く国内企業物価指数,品目,プレストレストコンクリート製品,144.0
2026-01-01,消費税を除く国内企業物価指数,品目,プレス機械,105.6
2026-01-01,消費税を除く国内企業物価指数,品目,プログラマブルコントローラ,112.6
2026-01-01,消費税を除く国内企業物価指数,品目,プロピレン,175.0
2026-01-01,消費税を除く国内企業物価指数,品目,ベンゼン,218.5
2026-01-01,消費税を除く国内企業物価指数,品目,ペットフード,123.5
2026-01-01,消費税を除く国内企業物価指数,品目,ボイラ,104.6
2026-01-01,消費税を除く国内企業物価指数,品目,ボルト・ナット,130.7
2026-01-01,消費税を除く国内企業物価指数,品目,ボンベ,144.4
2026-01-01,消費税を除く国内企業物価指数,品目,ポリアミド樹脂,139.8
2026-01-01,消費税を除く国内企業物価指数,品目,ポリエチレン,155.8
2026-01-01,消費税を除く国内企業物価指数,品目,ポリカーボネート,131.6
2026-01-01,消費税を除く国内企業物価指数,品目,ポリスチレン,155.7
2026-01-01,消費税を除く国内企業物価指数,品目,ポリフェニレンサルファイド,118.4
2026-01-01,消費税を除く国内企業物価指数,品目,ポリプロピレン,164.2
2026-01-01,消費税を除く国内企業物価指数,品目,ポルトランドセメント,165.8
2026-01-01,消費税を除く国内企業物価指数,品目,マシニングセンタ,125.8
2026-01-01,消費税を除く国内企業物価指数,品目,マーガリン,140.8
2026-01-01,消費税を除く国内企業物価指数,品目,ミネラルウォーター,127.2
2026-01-01,消費税を除く国内企業物価指数,品目,メタクリル樹脂,133.7
2026-01-01,消費税を除く国内企業物価指数,品目,ヨーグルト,117.3
2026-01-01,消費税を除く国内企業物価指数,品目,ライナー,140.4
2026-01-01,消費税を除く国内企業物価指数,品目,ルウ,131.2
2026-01-01,消費税を除く国内企業物価指数,品目,ルームユニット,123.8
2026-01-01,消費税を除く国内企業物価指数,品目,レトルト食品,113.1
2026-01-01,消費税を除く国内企業物価指数,品目,ロボット,102.5
2026-01-01,消費税を除く国内企業物価指数,品目,ローラチェーン,107.6
2026-01-01,消費税を除く国内企業物価指数,品目,ワイヤフォーミングマシン,101.2
2026-01-01,消費税を除く国内企業物価指数,品目,ワイヤロープ・ＰＣ鋼より線,153.2
2026-01-01,消費税を除く国内企業物価指数,品目,ワイヤーハーネス,116.9
2026-01-01,消費税を除く国内企業物価指数,品目,上水道,106.5
2026-01-01,消費税を除く国内企業物価指数,品目,下着類,110.6
2026-01-01,消費税を除く国内企業物価指数,品目,中しん原紙,138.7
2026-01-01,消費税を除く国内企業物価指数,品目,中華めん,133.1
2026-01-01,消費税を除く国内企業物価指数,品目,丸太,123.3
2026-01-01,消費税を除く国内企業物価指数,品目,乗用車,104.2
2026-01-01,消費税を除く国内企業物価指数,品目,乳飲料・乳酸菌飲料,120.5
2026-01-01,消費税を除く国内企業物価指数,品目,乾電池,130.8
2026-01-01,消費税を除く国内企業物価指数,品目,事務所用・店舗用装備品,132.4
2026-01-01,消費税を除く国内企業物価指数,品目,事業用電力,129.9
2026-01-01,消費税を除く国内企業物価指数,品目,二輪自動車,110.8
2026-01-01,消費税を除く国内企業物価指数,品目,亜鉛めっき鋼板,146.1
2026-01-01,消費税を除く国内企業物価指数,品目,交通信号保安装置,120.0
2026-01-01,消費税を除く国内企業物価指数,品目,人体安全保護具・救命具,103.1
2026-01-01,消費税を除く国内企業物価指数,品目,人造氷,118.1
2026-01-01,消費税を除く国内企業物価指数,品目,仕上用・皮膚用化粧品,106.8
2026-01-01,消費税を除く国内企業物価指数,品目,住宅建築用木製組立材料,150.5
2026-01-01,消費税を除く国内企業物価指数,品目,充電発電機,121.7
2026-01-01,消費税を除く国内企業物価指数,品目,光電変換素子,101.2
2026-01-01,消費税を除く国内企業物価指数,品目,再生プラスチック成形材料,138.7
2026-01-01,消費税を除く国内企業物価指数,品目,写真感光材料,106.4
2026-01-01,消費税を除く国内企業物価指数,品目,冷凍・冷蔵用ショーケース,114.0
2026-01-01,消費税を除く国内企業物価指数,品目,冷凍機,116.9
2026-01-01,消費税を除く国内企業物価指数,品目,冷凍調理食品,127.3
2026-01-01,消費税を除く国内企業物価指数,品目,冷延広幅帯鋼,139.2
2026-01-01,消費税を除く国内企業物価指数,品目,冷延電気鋼帯,178.4
2026-01-01,消費税を除く国内企業物価指数,品目,処理牛乳,124.8
2026-01-01,消費税を除く国内企業物価指数,品目,凸版印刷物,117.5
2026-01-01,消費税を除く国内企業物価指数,品目,刃物・道具類,109.7
2026-01-01,消費税を除く国内企業物価指数,品目,分析機器,114.4
2026-01-01,消費税を除く国内企業物価指数,品目,分電盤,142.5
2026-01-01,消費税を除く国内企業物価指数,品目,加工原紙,137.0
2026-01-01,消費税を除く国内企業物価指数,品目,包装・荷造機械,114.2
2026-01-01,消費税を除く国内企業物価指数,品目,化学機械,116.3
2026-01-01,消費税を除く国内企業物価指数,品目,化学繊維,111.4
2026-01-01,消費税を除く国内企業物価指数,品目,化学肥料,161.2
2026-01-01,消費税を除く国内企業物価指数,品目,医療・衛生用ゴム製品,108.2
2026-01-01,消費税を除く国内企業物価指数,品目,医療・衛生用プラスチック製品,108.7
2026-01-01,消費税を除く国内企業物価指数,品目,医療用品,95.2
2026-01-01,消費税を除く国内企業物価指数,品目,医療用機器,103.9
2026-01-01,消費税を除く国内企業物価指数,品目,医療用計測器,97.5
2026-01-01,消費税を除く国内企業物価指数,品目,医薬品（除動物用）,83.9
2026-01-01,消費税を除く国内企業物価指数,品目,半導体・ＩＣ測定器,89.9
2026-01-01,消費税を除く国内企業物価指数,品目,半導体製造装置（除フラットパネルディスプレイ製造装置）,107.7
2026-01-01,消費税を除く国内企業物価指数,品目,印刷インキ,137.2
2026-01-01,消費税を除く国内企業物価指数,品目,印刷装置,115.2
2026-01-01,消費税を除く国内企業物価指数,品目,印刷関連機械,130.7
2026-01-01,消費税を除く国内企業物価指数,品目,即席みそ汁・インスタントスープ,121.0
2026-01-01,消費税を除く国内企業物価指数,品目,即席めん,117.2
2026-01-01,消費税を除く国内企業物価指数,品目,厚中板,150.8
2026-01-01,消費税を除く国内企業物価指数,品目,原乳,121.0
2026-01-01,消費税を除く国内企業物価指数,品目,古紙,119.5
2026-01-01,消費税を除く国内企業物価指数,品目,合わせガラス,127.9
2026-01-01,消費税を除く国内企業物価指数,品目,合成アセトン,137.2
2026-01-01,消費税を除く国内企業物価指数,品目,合成ゴム,158.5
2026-01-01,消費税を除く国内企業物価指数,品目,合成染料,114.7
2026-01-01,消費税を除く国内企業物価指数,品目,合成樹脂塗料,121.0
2026-01-01,消費税を除く国内企業物価指数,品目,合成皮革,141.2
2026-01-01,消費税を除く国内企業物価指数,品目,和生菓子,122.1
2026-01-01,消費税を除く国内企業物価指数,品目,和風めん,120.6
2026-01-01,消費税を除く国内企業物価指数,品目,固定局通信装置,132.1
2026-01-01,消費税を除く国内企業物価指数,品目,圧力計・流量計,105.0
2026-01-01,消費税を除く国内企業物価指数,品目,圧縮ガス・液化ガス,125.6
2026-01-01,消費税を除く国内企業物価指数,品目,圧縮機・送風機,124.5
2026-01-01,消費税を除く国内企業物価指数,品目,塗工印刷用紙,136.7
2026-01-01,消費税を除く国内企業物価指数,品目,塩,141.7
2026-01-01,消費税を除く国内企業物価指数,品目,塩化ビニルモノマー,135.4
2026-01-01,消費税を除く国内企業物価指数,品目,塩化ビニル樹脂,146.2
2026-01-01,消費税を除く国内企業物価指数,品目,塩干・塩蔵品,190.5
2026-01-01,消費税を除く国内企業物価指数,品目,壁紙・ふすま紙,153.7
2026-01-01,消費税を除く国内企業物価指数,品目,変圧器・計器用変成器,153.7
2026-01-01,消費税を除く国内企業物価指数,品目,変換部品,127.5
2026-01-01,消費税を除く国内企業物価指数,品目,変速機,126.0
2026-01-01,消費税を除く国内企業物価指数,品目,外衣・シャツ,117.6
2026-01-01,消費税を除く国内企業物価指数,品目,外部記憶装置,121.9
2026-01-01,消費税を除く国内企業物価指数,品目,大人用紙おむつ,122.5
2026-01-01,消費税を除く国内企業物価指数,品目,天然ガス,163.8
2026-01-01,消費税を除く国内企業物価指数,品目,始動電動機,121.9
2026-01-01,消費税を除く国内企業物価指数,品目,娯楽機器,104.9
2026-01-01,消費税を除く国内企業物価指数,品目,子供用紙おむつ,116.4
2026-01-01,消費税を除く国内企業物価指数,品目,家庭用合成洗剤,114.1
2026-01-01,消費税を除く国内企業物価指数,品目,寝具,116.8
2026-01-01,消費税を除く国内企業物価指数,品目,封筒,117.9
2026-01-01,消費税を除く国内企業物価指数,品目,小形棒鋼,149.0
2026-01-01,消費税を除く国内企業物価指数,品目,小麦粉,121.7
2026-01-01,消費税を除く国内企業物価指数,品目,工具鋼,136.9
2026-01-01,消費税を除く国内企業物価指数,品目,工業用スポンジ製品,105.7
2026-01-01,消費税を除く国内企業物価指数,品目,工業用水,102.1
2026-01-01,消費税を除く国内企業物価指数,品目,工業計器,119.1
2026-01-01,消費税を除く国内企業物価指数,品目,巻上機,128.5
2026-01-01,消費税を除く国内企業物価指数,品目,干のり,177.3
2026-01-01,消費税を除く国内企業物価指数,品目,平版印刷物,124.7
2026-01-01,消費税を除く国内企業物価指数,品目,床板,126.6
2026-01-01,消費税を除く国内企業物価指数,品目,建築用板金製品,133.4
2026-01-01,消費税を除く国内企業物価指数,品目,建設用クレーン,112.4
2026-01-01,消費税を除く国内企業物価指数,品目,建設用トラクタ,114.9
2026-01-01,消費税を除く国内企業物価指数,品目,強化ガラス,132.4
2026-01-01,消費税を除く国内企業物価指数,品目,強化プラスチック管板類,139.7
2026-01-01,消費税を除く国内企業物価指数,品目,形鋼,141.8
2026-01-01,消費税を除く国内企業物価指数,品目,情報用紙,128.1
2026-01-01,消費税を除く国内企業物価指数,品目,懸架・制動装置部品,106.9
2026-01-01,消費税を除く国内企業物価指数,品目,掘さく機,115.1
2026-01-01,消費税を除く国内企業物価指数,品目,接着剤,125.3
2026-01-01,消費税を除く国内企業物価指数,品目,接続部品,114.7
2026-01-01,消費税を除く国内企業物価指数,品目,換気扇,135.4
2026-01-01,消費税を除く国内企業物価指数,品目,敷物,112.1
2026-01-01,消費税を除く国内企業物価指数,品目,新聞用紙,132.6
2026-01-01,消費税を除く国内企業物価指数,品目,旋盤,117.4
2026-01-01,消費税を除く国内企業物価指数,品目,日用紙製品,120.6
2026-01-01,消費税を除く国内企業物価指数,品目,普通合板,108.0
2026-01-01,消費税を除く国内企業物価指数,品目,普通鋼鋼管,149.4
2026-01-01,消費税を除く国内企業物価指数,品目,普通鋼鋼線・特殊鋼鋼線,164.1
2026-01-01,消費税を除く国内企業物価指数,品目,有線電気通信機器,112.3
2026-01-01,消費税を除く国内企業物価指数,品目,木材チップ,127.4
2026-01-01,消費税を除く国内企業物価指数,品目,木箱,122.5
2026-01-01,消費税を除く国内企業物価指数,品目,木製建具,115.0
2026-01-01,消費税を除く国内企業物価指数,品目,木製机・いす,124.6
2026-01-01,消費税を除く国内企業物価指数,品目,木製棚,131.4
2026-01-01,消費税を除く国内企業物価指数,品目,木製流し台セット,121.5
2026-01-01,消費税を除く国内企業物価指数,品目,板,118.4
2026-01-01,消費税を除く国内企業物価指数,品目,板ガラス,125.8
2026-01-01,消費税を除く国内企業物価指数,品目,果実・野菜缶詰,154.0
2026-01-01,消費税を除く国内企業物価指数,品目,果実酒・チューハイ,114.1
2026-01-01,消費税を除く国内企業物価指数,品目,架線金物,147.3
2026-01-01,消費税を除く国内企業物価指数,品目,柔軟仕上げ剤,105.4
2026-01-01,消費税を除く国内企業物価指数,品目,梱包用材,150.2
2026-01-01,消費税を除く国内企業物価指数,品目,植物油搾かす,145.0
2026-01-01,消費税を除く国内企業物価指数,品目,植物油脂（除混合植物油脂）,154.0
2026-01-01,消費税を除く国内企業物価指数,品目,業務用エアコン,108.4
2026-01-01,消費税を除く国内企業物価指数,品目,構造用合金鋼,143.3
2026-01-01,消費税を除く国内企業物価指数,品目,橋りょう,140.0
2026-01-01,消費税を除く国内企業物価指数,品目,機械構造用炭素鋼,141.0
2026-01-01,消費税を除く国内企業物価指数,品目,機械用銑鉄鋳物,134.1
2026-01-01,消費税を除く国内企業物価指数,品目,歯磨,94.3
2026-01-01,消費税を除く国内企業物価指数,品目,歯科材料,156.9
2026-01-01,消費税を除く国内企業物価指数,品目,歯科用機器,104.3
2026-01-01,消費税を除く国内企業物価指数,品目,歯車,123.0
2026-01-01,消費税を除く国内企業物価指数,品目,段ボール,135.6
2026-01-01,消費税を除く国内企業物価指数,品目,段ボール箱,125.0
2026-01-01,消費税を除く国内企業物価指数,品目,民生用エアコンディショナ,121.9
2026-01-01,消費税を除く国内企業物価指数,品目,気泡コンクリート製品,119.2
2026-01-01,消費税を除く国内企業物価指数,品目,水中ポンプ,141.5
2026-01-01,消費税を除く国内企業物価指数,品目,水晶振動子,111.3
2026-01-01,消費税を除く国内企業物価指数,品目,水産びん・かん詰,128.1
2026-01-01,消費税を除く国内企業物価指数,品目,水産物漬物,120.3
2026-01-01,消費税を除く国内企業物価指数,品目,氷菓,121.6
2026-01-01,消費税を除く国内企業物価指数,品目,永久磁石,145.7
2026-01-01,消費税を除く国内企業物価指数,品目,油圧シリンダ,125.0
2026-01-01,消費税を除く国内企業物価指数,品目,油圧バルブ,110.4
2026-01-01,消費税を除く国内企業物価指数,品目,油圧モータ,115.2
2026-01-01,消費税を除く国内企業物価指数,品目,洋生菓子,115.7
2026-01-01,消費税を除く国内企業物価指数,品目,洋風めん,125.7
2026-01-01,消費税を除く国内企業物価指数,品目,消火器,126.1
2026-01-01,消費税を除く国内企業物価指数,品目,液化石油ガス,172.6
2026-01-01,消費税を除く国内企業物価指数,品目,液晶パネル,92.7
2026-01-01,消費税を除く国内企業物価指数,品目,混合植物油脂,156.9
2026-01-01,消費税を除く国内企業物価指数,品目,清酒,122.2
2026-01-01,消費税を除く国内企業物価指数,品目,溶接棒,123.5
2026-01-01,消費税を除く国内企業物価指数,品目,漂白剤,128.5
2026-01-01,消費税を除く国内企業物価指数,品目,漬物,112.0
2026-01-01,消費税を除く国内企業物価指数,品目,潤滑油,128.8
2026-01-01,消費税を除く国内企業物価指数,品目,灯油,172.4
2026-01-01,消費税を除く国内企業物価指数,品目,炭素・黒鉛製品,104.2
2026-01-01,消費税を除く国内企業物価指数,品目,炭酸飲料,124.3
2026-01-01,消費税を除く国内企業物価指数,品目,無機顔料,141.8
2026-01-01,消費税を除く国内企業物価指数,品目,無線応用装置,111.0
2026-01-01,消費税を除く国内企業物価指数,品目,焼ちゅう,106.3
2026-01-01,消費税を除く国内企業物価指数,品目,熱延広幅帯鋼,136.3
2026-01-01,消費税を除く国内企業物価指数,品目,熱硬化性樹脂,136.9
2026-01-01,消費税を除く国内企業物価指数,品目,牛肉,106.7
2026-01-01,消費税を除く国内企業物価指数,品目,特別用途車,117.8
2026-01-01,消費税を除く国内企業物価指数,品目,特殊印刷物,114.3
2026-01-01,消費税を除く国内企業物価指数,品目,特殊合板,157.4
2026-01-01,消費税を除く国内企業物価指数,品目,特殊用途鋼,145.9
2026-01-01,消費税を除く国内企業物価指数,品目,特殊鋼切削工具,132.5
2026-01-01,消費税を除く国内企業物価指数,品目,玄米,229.5
2026-01-01,消費税を除く国内企業物価指数,品目,玉軸受,114.6
2026-01-01,消費税を除く国内企業物価指数,品目,理化学機器,113.7
2026-01-01,消費税を除く国内企業物価指数,品目,理容用電気器具,109.1
2026-01-01,消費税を除く国内企業物価指数,品目,生クリーム,125.2
2026-01-01,消費税を除く国内企業物価指数,品目,生コンクリート,156.5
2026-01-01,消費税を除く国内企業物価指数,品目,生理用品,113.2
2026-01-01,消費税を除く国内企業物価指数,品目,生石灰,141.7
2026-01-01,消費税を除く国内企業物価指数,品目,田植機,117.3
2026-01-01,消費税を除く国内企業物価指数,品目,界面活性剤,136.4
2026-01-01,消費税を除く国内企業物価指数,品目,異性化糖,127.8
2026-01-01,消費税を除く国内企業物価指数,品目,病院用器具,129.8
2026-01-01,消費税を除く国内企業物価指数,品目,発泡酒・新ジャンル,128.0
2026-01-01,消費税を除く国内企業物価指数,品目,白板紙,132.9
2026-01-01,消費税を除く国内企業物価指数,品目,監視制御装置,116.2
2026-01-01,消費税を除く国内企業物価指数,品目,看板・標識機,123.2
2026-01-01,消費税を除く国内企業物価指数,品目,真空ポンプ,109.6
2026-01-01,消費税を除く国内企業物価指数,品目,眼鏡枠・レンズ,106.2
2026-01-01,消費税を除く国内企業物価指数,品目,石けん・身体洗浄剤,110.6
2026-01-01,消費税を除く国内企業物価指数,品目,石こうボード・粘土かわら,152.6
2026-01-01,消費税を除く国内企業物価指数,品目,石工品,116.0
2026-01-01,消費税を除く国内企業物価指数,品目,石油暖房装置,124.3
2026-01-01,消費税を除く国内企業物価指数,品目,石灰石,135.1
2026-01-01,消費税を除く国内企業物価指数,品目,石炭コークス,201.5
2026-01-01,消費税を除く国内企業物価指数,品目,砂利,135.6
2026-01-01,消費税を除く国内企業物価指数,品目,砂糖,133.2
2026-01-01,消費税を除く国内企業物価指数,品目,研削盤,127.3
2026-01-01,消費税を除く国内企業物価指数,品目,研磨材,122.0
2026-01-01,消費税を除く国内企業物価指数,品目,砕石,124.7
2026-01-01,消費税を除く国内企業物価指数,品目,硬質プラスチック発泡製品,139.6
2026-01-01,消費税を除く国内企業物価指数,品目,磁性材部品,109.9
2026-01-01,消費税を除く国内企業物価指数,品目,磨棒鋼,147.8
2026-01-01,消費税を除く国内企業物価指数,品目,穀物処理機械,114.3
2026-01-01,消費税を除く国内企業物価指数,品目,積算体積計,105.3
2026-01-01,消費税を除く国内企業物価指数,品目,空気動工具・電動工具,129.3
2026-01-01,消費税を除く国内企業物価指数,品目,空気圧機器,107.0
2026-01-01,消費税を除く国内企業物価指数,品目,窓・扉用日よけ,118.7
2026-01-01,消費税を除く国内企業物価指数,品目,窯業外装材,119.6
2026-01-01,消費税を除く国内企業物価指数,品目,筆記具・文具,103.2
2026-01-01,消費税を除く国内企業物価指数,品目,米菓,129.2
2026-01-01,消費税を除く国内企業物価指数,品目,粉乳,118.5
2026-01-01,消費税を除く国内企業物価指数,品目,粉末や金製品,117.9
2026-01-01,消費税を除く国内企業物価指数,品目,精密測定器,113.4
2026-01-01,消費税を除く国内企業物価指数,品目,精米,213.0
2026-01-01,消費税を除く国内企業物価指数,品目,納豆,119.6
2026-01-01,消費税を除く国内企業物価指数,品目,紙管,130.8
2026-01-01,消費税を除く国内企業物価指数,品目,紙箱,122.2
2026-01-01,消費税を除く国内企業物価指数,品目,紡績糸,141.7
2026-01-01,消費税を除く国内企業物価指数,品目,継電器,120.3
2026-01-01,消費税を除く国内企業物価指数,品目,緑茶,155.4
2026-01-01,消費税を除く国内企業物価指数,品目,線材,135.5
2026-01-01,消費税を除く国内企業物価指数,品目,繊維製帆布,122.6
2026-01-01,消費税を除く国内企業物価指数,品目,繊維製身の回り品,116.4
2026-01-01,消費税を除く国内企業物価指数,品目,織物,121.0
2026-01-01,消費税を除く国内企業物価指数,品目,耐火物,133.1
2026-01-01,消費税を除く国内企業物価指数,品目,肉製品,122.2
2026-01-01,消費税を除く国内企業物価指数,品目,肉製品・水産製品製造機械,119.5
2026-01-01,消費税を除く国内企業物価指数,品目,自動販売機,131.8
2026-01-01,消費税を除く国内企業物価指数,品目,自動車タイヤ,129.0
2026-01-01,消費税を除く国内企業物価指数,品目,自動車整備・サービス機器,130.9
2026-01-01,消費税を除く国内企業物価指数,品目,自動車用内燃機関部品,107.8
2026-01-01,消費税を除く国内企業物価指数,品目,自転車部品,117.3
2026-01-01,消費税を除く国内企業物価指数,品目,自転車（除車いす・自転車部品）,118.5
2026-01-01,消費税を除く国内企業物価指数,品目,舗装材料,110.2
2026-01-01,消費税を除く国内企業物価指数,品目,航空機部品,126.4
2026-01-01,消費税を除く国内企業物価指数,品目,舶用ディーゼル機関,123.5
2026-01-01,消費税を除く国内企業物価指数,品目,茶づけ・ふりかけ,121.5
2026-01-01,消費税を除く国内企業物価指数,品目,茶飲料,111.7
2026-01-01,消費税を除く国内企業物価指数,品目,荒茶,164.1
2026-01-01,消費税を除く国内企業物価指数,品目,菓子パン,124.7
2026-01-01,消費税を除く国内企業物価指数,品目,葉たばこ,102.3
2026-01-01,消費税を除く国内企業物価指数,品目,衛生材料,114.1
2026-01-01,消費税を除く国内企業物価指数,品目,衛生陶器,125.3
2026-01-01,消費税を除く国内企業物価指数,品目,表示装置・端末装置,112.6
2026-01-01,消費税を除く国内企業物価指数,品目,製パン・製菓機械,126.7
2026-01-01,消費税を除く国内企業物価指数,品目,複層ガラス,143.0
2026-01-01,消費税を除く国内企業物価指数,品目,触媒,124.8
2026-01-01,消費税を除く国内企業物価指数,品目,試験機,125.0
2026-01-01,消費税を除く国内企業物価指数,品目,調理パン・サンドイッチ,128.1
2026-01-01,消費税を除く国内企業物価指数,品目,豆乳飲料,115.9
2026-01-01,消費税を除く国内企業物価指数,品目,豆腐・しみ豆腐・油揚げ類,121.5
2026-01-01,消費税を除く国内企業物価指数,品目,豆菓子,125.8
2026-01-01,消費税を除く国内企業物価指数,品目,豚肉,99.9
2026-01-01,消費税を除く国内企業物価指数,品目,貴金属展伸材,393.9
2026-01-01,消費税を除く国内企業物価指数,品目,超硬工具,113.8
2026-01-01,消費税を除く国内企業物価指数,品目,超音波応用装置,111.2
2026-01-01,消費税を除く国内企業物価指数,品目,軟質プラスチック発泡製品,110.9
2026-01-01,消費税を除く国内企業物価指数,品目,軽包装紙袋,116.3
2026-01-01,消費税を除く国内企業物価指数,品目,軽油,146.5
2026-01-01,消費税を除く国内企業物価指数,品目,軽量形鋼,159.2
2026-01-01,消費税を除く国内企業物価指数,品目,輸送機械用プラスチック製品,106.7
2026-01-01,消費税を除く国内企業物価指数,品目,農業用トラクタ・耕うん機,119.4
2026-01-01,消費税を除く国内企業物価指数,品目,農薬,121.5
2026-01-01,消費税を除く国内企業物価指数,品目,造作材,124.2
2026-01-01,消費税を除く国内企業物価指数,品目,運動用品,112.8
2026-01-01,消費税を除く国内企業物価指数,品目,道路用コンクリート製品,160.2
2026-01-01,消費税を除く国内企業物価指数,品目,遮断器,123.0
2026-01-01,消費税を除く国内企業物価指数,品目,都市ガス,146.3
2026-01-01,消費税を除く国内企業物価指数,品目,配合飼料,158.1
2026-01-01,消費税を除く国内企業物価指数,品目,配管工事用附属品,131.2
2026-01-01,消費税を除く国内企業物価指数,品目,配線器具,122.3
2026-01-01,消費税を除く国内企業物価指数,品目,配電盤,145.4
2026-01-01,消費税を除く国内企業物価指数,品目,酸化エチレン・エチレングリコール,133.2
2026-01-01,消費税を除く国内企業物価指数,品目,酸化プロピレン・ポリプロピレングリコール,158.0
2026-01-01,消費税を除く国内企業物価指数,品目,重包装紙袋,121.4
2026-01-01,消費税を除く国内企業物価指数,品目,金地金,394.9
2026-01-01,消費税を除く国内企業物価指数,品目,金型,126.9
2026-01-01,消費税を除く国内企業物価指数,品目,金属圧延用ロール,140.9
2026-01-01,消費税を除く国内企業物価指数,品目,金属製サッシ・ドア（除アルミニウムサッシ）,133.0
2026-01-01,消費税を除く国内企業物価指数,品目,金属製パッキン・ガスケット,125.3
2026-01-01,消費税を除く国内企業物価指数,品目,金属製棚,137.6
2026-01-01,消費税を除く国内企業物価指数,品目,金属製管継手,185.3
2026-01-01,消費税を除く国内企業物価指数,品目,金網,158.3
2026-01-01,消費税を除く国内企業物価指数,品目,鉄屑,173.3
2026-01-01,消費税を除く国内企業物価指数,品目,鉄道車両,104.5
2026-01-01,消費税を除く国内企業物価指数,品目,鉄鋼シャースリット,134.4
2026-01-01,消費税を除く国内企業物価指数,品目,鉄骨,129.6
2026-01-01,消費税を除く国内企業物価指数,品目,鉛地金・はんだ・減摩合金,250.3
2026-01-01,消費税を除く国内企業物価指数,品目,鉛蓄電池,125.8
2026-01-01,消費税を除く国内企業物価指数,品目,銀地金,661.6
2026-01-01,消費税を除く国内企業物価指数,品目,銅,306.8
2026-01-01,消費税を除く国内企業物価指数,品目,銅・アルミニウム屑,319.1
2026-01-01,消費税を除く国内企業物価指数,品目,銅・アルミニウム鋳物,175.0
2026-01-01,消費税を除く国内企業物価指数,品目,銅伸銅品,229.2
2026-01-01,消費税を除く国内企業物価指数,品目,銅巻線,226.0
2026-01-01,消費税を除く国内企業物価指数,品目,銅荒引線,290.5
2026-01-01,消費税を除く国内企業物価指数,品目,銅裸線,281.3
2026-01-01,消費税を除く国内企業物価指数,品目,鋳造装置,110.1
2026-01-01,消費税を除く国内企業物価指数,品目,鋳鉄管,137.0
2026-01-01,消費税を除く国内企業物価指数,品目,錠・かぎ・建築用金物,114.3
2026-01-01,消費税を除く国内企業物価指数,品目,鍛造品,125.8
2026-01-01,消費税を除く国内企業物価指数,品目,開閉器,139.6
2026-01-01,消費税を除く国内企業物価指数,品目,防振ゴム,125.4
2026-01-01,消費税を除く国内企業物価指数,品目,陶磁器製食器,123.8
2026-01-01,消費税を除く国内企業物価指数,品目,集成材,151.8
2026-01-01,消費税を除く国内企業物価指数,品目,集積回路,117.4
2026-01-01,消費税を除く国内企業物価指数,品目,電光表示器,123.1
2026-01-01,消費税を除く国内企業物価指数,品目,電力・通信用メタルケーブル,243.9
2026-01-01,消費税を除く国内企業物価指数,品目,電力変換装置,117.6
2026-01-01,消費税を除く国内企業物価指数,品目,電動機,115.3
2026-01-01,消費税を除く国内企業物価指数,品目,電子機器用コンデンサ,97.8
2026-01-01,消費税を除く国内企業物価指数,品目,電子機器用変成器,102.6
2026-01-01,消費税を除く国内企業物価指数,品目,電子機器用抵抗器,95.2
2026-01-01,消費税を除く国内企業物価指数,品目,電気がま,107.5
2026-01-01,消費税を除く国内企業物価指数,品目,電気冷蔵庫,90.4
2026-01-01,消費税を除く国内企業物価指数,品目,電気掃除機,96.5
2026-01-01,消費税を除く国内企業物価指数,品目,電気機器用プラスチック製品,112.4
2026-01-01,消費税を除く国内企業物価指数,品目,電気洗濯機,98.6
2026-01-01,消費税を除く国内企業物価指数,品目,電気温水器・給湯機,114.3
2026-01-01,消費税を除く国内企業物価指数,品目,電気温水洗浄便座,117.4
2026-01-01,消費税を除く国内企業物価指数,品目,電気測定器,123.4
2026-01-01,消費税を除く国内企業物価指数,品目,電気照明器具,103.8
2026-01-01,消費税を除く国内企業物価指数,品目,電気用陶磁器,125.6
2026-01-01,消費税を除く国内企業物価指数,品目,電気絶縁塗料,105.8
2026-01-01,消費税を除く国内企業物価指数,品目,電気計器,111.1
2026-01-01,消費税を除く国内企業物価指数,品目,電気音響機器,116.0
2026-01-01,消費税を除く国内企業物価指数,品目,電池用無機化学工業製品,138.2
2026-01-01,消費税を除く国内企業物価指数,品目,電源・高周波ユニット,114.8
2026-01-01,消費税を除く国内企業物価指数,品目,電球類,126.5
2026-01-01,消費税を除く国内企業物価指数,品目,非塗工印刷用紙,135.1
2026-01-01,消費税を除く国内企業物価指数,品目,革製履物,128.9
2026-01-01,消費税を除く国内企業物価指数,品目,頭髪用化粧品,97.3
2026-01-01,消費税を除く国内企業物価指数,品目,食パン,123.6
2026-01-01,消費税を除く国内企業物価指数,品目,食缶,119.6
2026-01-01,消費税を除く国内企業物価指数,品目,食酢,108.7
2026-01-01,消費税を除く国内企業物価指数,品目,飲料用プラスチックボトル,109.0
2026-01-01,消費税を除く国内企業物価指数,品目,飽和ポリエステル樹脂,127.8
2026-01-01,消費税を除く国内企業物価指数,品目,香料,105.0
2026-01-01,消費税を除く国内企業物価指数,品目,香辛料,102.9
2026-01-01,消費税を除く国内企業物価指数,品目,駆動・伝導・操縦装置部品,122.5
2026-01-01,消費税を除く国内企業物価指数,品目,高炉セメント,167.4
2026-01-01,消費税を除く国内企業物価指数,品目,鶏卵,180.1
2026-01-01,消費税を除く国内企業物価指数,品目,鶏肉,140.3
2026-01-01,消費税を除く国内企業物価指数,品目,黄銅伸銅品,261.2
2026-01-01,消費税を除く国内企業物価指数,品目,Ａ重油,173.3
2026-01-01,消費税を除く国内企業物価指数,品目,Ｂ重油・Ｃ重油,181.5
2026-01-01,消費税を除く国内企業物価指数,品目,Ｘ線装置・医療用電子応用装置,100.2
2026-01-01,消費税を除く国内企業物価指数,商品群,がん具,110.1
2026-01-01,消費税を除く国内企業物価指数,商品群,そう菜・すし・弁当,132.7
2026-01-01,消費税を除く国内企業物価指数,商品群,その他のはん用機械,124.9
2026-01-01,消費税を除く国内企業物価指数,商品群,その他のガラス製品,124.5
2026-01-01,消費税を除く国内企業物価指数,商品群,その他のゴム製品,117.7
2026-01-01,消費税を除く国内企業物価指数,商品群,その他のパルプ・紙・紙加工品,123.3
2026-01-01,消費税を除く国内企業物価指数,商品群,その他の化学最終製品,120.2
2026-01-01,消費税を除く国内企業物価指数,商品群,その他の合成樹脂,141.4
2026-01-01,消費税を除く国内企業物価指数,商品群,その他の家具・装備品,129.4
2026-01-01,消費税を除く国内企業物価指数,商品群,その他の建設用土石製品,152.6
2026-01-01,消費税を除く国内企業物価指数,商品群,その他の木製品,140.7
2026-01-01,消費税を除く国内企業物価指数,商品群,その他の水産食料品,128.1
2026-01-01,消費税を除く国内企業物価指数,商品群,その他の無機化学工業製品,138.2
2026-01-01,消費税を除く国内企業物価指数,商品群,その他の産業用電気機器,117.6
2026-01-01,消費税を除く国内企業物価指数,商品群,その他の畜産食料品,122.2
2026-01-01,消費税を除く国内企業物価指数,商品群,その他の窯業・土石製品,132.0
2026-01-01,消費税を除く国内企業物価指数,商品群,その他の紙製容器,121.5
2026-01-01,消費税を除く国内企業物価指数,商品群,その他の繊維工業製品,111.9
2026-01-01,消費税を除く国内企業物価指数,商品群,その他の繊維既製品,116.0
2026-01-01,消費税を除く国内企業物価指数,商品群,その他の衣服・身の回り品,116.4
2026-01-01,消費税を除く国内企業物価指数,商品群,その他の製造工業製品,114.5
2026-01-01,消費税を除く国内企業物価指数,商品群,その他の輸送機械,122.6
2026-01-01,消費税を除く国内企業物価指数,商品群,その他の酒類,109.2
2026-01-01,消費税を除く国内企業物価指数,商品群,その他の金属製品,133.1
2026-01-01,消費税を除く国内企業物価指数,商品群,その他の鉱物,135.1
2026-01-01,消費税を除く国内企業物価指数,商品群,その他の電子部品,109.1
2026-01-01,消費税を除く国内企業物価指数,商品群,その他の電気機械器具,145.7
2026-01-01,消費税を除く国内企業物価指数,商品群,その他の電気通信機器,120.0
2026-01-01,消費税を除く国内企業物価指数,商品群,その他の非鉄金属地金,467.6
2026-01-01,消費税を除く国内企業物価指数,商品群,その他の非鉄金属製品,393.9
2026-01-01,消費税を除く国内企業物価指数,商品群,その他の非食用耕種作物,102.3
2026-01-01,消費税を除く国内企業物価指数,商品群,その他の食料品,116.1
2026-01-01,消費税を除く国内企業物価指数,商品群,たばこ,116.7
2026-01-01,消費税を除く国内企業物価指数,商品群,でん粉,138.6
2026-01-01,消費税を除く国内企業物価指数,商品群,なめし革・革製品・毛皮,114.7
2026-01-01,消費税を除く国内企業物価指数,商品群,ねり製品,123.5
2026-01-01,消費税を除く国内企業物価指数,商品群,ぶどう糖・水あめ・異性化糖,131.7
2026-01-01,消費税を除く国内企業物価指数,商品群,めっき鋼材,145.6
2026-01-01,消費税を除く国内企業物価指数,商品群,めん類,122.0
2026-01-01,消費税を除く国内企業物価指数,商品群,アルミニウム,215.3
2026-01-01,消費税を除く国内企業物価指数,商品群,アルミ圧延製品,155.4
2026-01-01,消費税を除く国内企業物価指数,商品群,ウイスキー類,118.7
2026-01-01,消費税を除く国内企業物価指数,商品群,ガス・石油機器・暖房・調理装置,127.4
2026-01-01,消費税を除く国内企業物価指数,商品群,ガラス繊維・同製品,133.0
2026-01-01,消費税を除く国内企業物価指数,商品群,サービス用・娯楽用機器,109.3
2026-01-01,消費税を除く国内企業物価指数,商品群,セメント,166.2
2026-01-01,消費税を除く国内企業物価指数,商品群,セメント製品,139.2
2026-01-01,消費税を除く国内企業物価指数,商品群,ゼラチン・接着剤,125.3
2026-01-01,消費税を除く国内企業物価指数,商品群,ソーダ工業製品,133.0
2026-01-01,消費税を除く国内企業物価指数,商品群,タイヤ・チューブ,129.0
2026-01-01,消費税を除く国内企業物価指数,商品群,タービン,127.2
2026-01-01,消費税を除く国内企業物価指数,商品群,トラック・バス・その他の自動車,107.2
2026-01-01,消費税を除く国内企業物価指数,商品群,パン類,125.1
2026-01-01,消費税を除く国内企業物価指数,商品群,パーソナルコンピュータ,112.6
2026-01-01,消費税を除く国内企業物価指数,商品群,ビデオ機器・デジタルカメラ,130.6
2026-01-01,消費税を除く国内企業物価指数,商品群,ビール類,115.9
2026-01-01,消費税を除く国内企業物価指数,商品群,フェロアロイ,150.2
2026-01-01,消費税を除く国内企業物価指数,商品群,プラスチック製品,116.6
2026-01-01,消費税を除く国内企業物価指数,商品群,ベアリング,114.4
2026-01-01,消費税を除く国内企業物価指数,商品群,ボイラ,104.6
2026-01-01,消費税を除く国内企業物価指数,商品群,ボルト・ナット・リベット・スプリング,124.0
2026-01-01,消費税を除く国内企業物価指数,商品群,ポンプ・圧縮機,116.8
2026-01-01,消費税を除く国内企業物価指数,商品群,レトルト食品,113.1
2026-01-01,消費税を除く国内企業物価指数,商品群,ロボット,102.5
2026-01-01,消費税を除く国内企業物価指数,商品群,上水道・簡易水道,106.5
2026-01-01,消費税を除く国内企業物価指数,商品群,乗用車,104.2
2026-01-01,消費税を除く国内企業物価指数,商品群,事業用電力,129.9
2026-01-01,消費税を除く国内企業物価指数,商品群,二輪自動車,110.8
2026-01-01,消費税を除く国内企業物価指数,商品群,伸銅品,243.7
2026-01-01,消費税を除く国内企業物価指数,商品群,光学機械・レンズ,109.8
2026-01-01,消費税を除く国内企業物価指数,商品群,内燃機関電装品,117.7
2026-01-01,消費税を除く国内企業物価指数,商品群,写真感光材料,106.4
2026-01-01,消費税を除く国内企業物価指数,商品群,冷凍機・温湿調整装置,111.4
2026-01-01,消費税を除く国内企業物価指数,商品群,冷凍調理食品,127.3
2026-01-01,消費税を除く国内企業物価指数,商品群,冷間仕上鋼材,152.9
2026-01-01,消費税を除く国内企業物価指数,商品群,動植物油脂,153.8
2026-01-01,消費税を除く国内企業物価指数,商品群,化学機械,116.3
2026-01-01,消費税を除く国内企業物価指数,商品群,化学繊維,111.4
2026-01-01,消費税を除く国内企業物価指数,商品群,化学肥料,161.2
2026-01-01,消費税を除く国内企業物価指数,商品群,化粧品・歯磨,102.0
2026-01-01,消費税を除く国内企業物価指数,商品群,医療用機械器具,110.6
2026-01-01,消費税を除く国内企業物価指数,商品群,医薬品,83.9
2026-01-01,消費税を除く国内企業物価指数,商品群,半導体素子,107.9
2026-01-01,消費税を除く国内企業物価指数,商品群,半導体製造装置,107.7
2026-01-01,消費税を除く国内企業物価指数,商品群,印刷インキ,137.2
2026-01-01,消費税を除く国内企業物価指数,商品群,印刷・製版・製本,121.9
2026-01-01,消費税を除く国内企業物価指数,商品群,原動機,124.4
2026-01-01,消費税を除く国内企業物価指数,商品群,古紙,119.5
2026-01-01,消費税を除く国内企業物価指数,商品群,合成ゴム,158.5
2026-01-01,消費税を除く国内企業物価指数,商品群,合板・集成材,133.6
2026-01-01,消費税を除く国内企業物価指数,商品群,回転電気機械,115.3
2026-01-01,消費税を除く国内企業物価指数,商品群,圧縮ガス・液化ガス,125.6
2026-01-01,消費税を除く国内企業物価指数,商品群,塗工紙・建設用加工紙,137.9
2026-01-01,消費税を除く国内企業物価指数,商品群,塗料,121.1
2026-01-01,消費税を除く国内企業物価指数,商品群,塩,141.7
2026-01-01,消費税を除く国内企業物価指数,商品群,塩・干・くん製品,183.3
2026-01-01,消費税を除く国内企業物価指数,商品群,変圧器・変成器,153.7
2026-01-01,消費税を除く国内企業物価指数,商品群,工業用水,102.1
2026-01-01,消費税を除く国内企業物価指数,商品群,建築用金属製品,133.6
2026-01-01,消費税を除く国内企業物価指数,商品群,建設・鉱山機械,115.1
2026-01-01,消費税を除く国内企業物価指数,商品群,建設用金属製品,131.5
2026-01-01,消費税を除く国内企業物価指数,商品群,有線電気通信機器,112.3
2026-01-01,消費税を除く国内企業物価指数,商品群,木材チップ,127.4
2026-01-01,消費税を除く国内企業物価指数,商品群,木製家具,125.6
2026-01-01,消費税を除く国内企業物価指数,商品群,木製建具,115.0
2026-01-01,消費税を除く国内企業物価指数,商品群,板ガラス・安全ガラス,133.1
2026-01-01,消費税を除く国内企業物価指数,商品群,板紙,138.4
2026-01-01,消費税を除く国内企業物価指数,商品群,機械工具,122.9
2026-01-01,消費税を除く国内企業物価指数,商品群,段ボール,135.6
2026-01-01,消費税を除く国内企業物価指数,商品群,段ボール箱,125.0
2026-01-01,消費税を除く国内企業物価指数,商品群,民生用エアコンディショナ,121.9
2026-01-01,消費税を除く国内企業物価指数,商品群,民生用電気機器（除民生用エアコンディショナ）,105.8
2026-01-01,消費税を除く国内企業物価指数,商品群,水産びん・かん詰,128.1
2026-01-01,消費税を除く国内企業物価指数,商品群,油脂加工製品・界面活性剤,119.5
2026-01-01,消費税を除く国内企業物価指数,商品群,洋紙・和紙,133.9
2026-01-01,消費税を除く国内企業物価指数,商品群,海面養殖業,177.3
2026-01-01,消費税を除く国内企業物価指数,商品群,液晶パネル,92.7
2026-01-01,消費税を除く国内企業物価指数,商品群,清涼飲料,122.8
2026-01-01,消費税を除く国内企業物価指数,商品群,清酒,122.2
2026-01-01,消費税を除く国内企業物価指数,商品群,炭素・黒鉛製品,104.2
2026-01-01,消費税を除く国内企業物価指数,商品群,無機顔料,141.8
2026-01-01,消費税を除く国内企業物価指数,商品群,無線電気通信機器,113.4
2026-01-01,消費税を除く国内企業物価指数,商品群,熱可塑性樹脂,157.2
2026-01-01,消費税を除く国内企業物価指数,商品群,熱硬化性樹脂,136.9
2026-01-01,消費税を除く国内企業物価指数,商品群,熱間圧延鋼材,143.3
2026-01-01,消費税を除く国内企業物価指数,商品群,環式中間物・合成染料・有機顔料,142.6
2026-01-01,消費税を除く国内企業物価指数,商品群,生コンクリート,156.5
2026-01-01,消費税を除く国内企業物価指数,商品群,生活関連産業用機械,119.5
2026-01-01,消費税を除く国内企業物価指数,商品群,真空装置・真空機器,109.6
2026-01-01,消費税を除く国内企業物価指数,商品群,石油化学基礎製品,184.1
2026-01-01,消費税を除く国内企業物価指数,商品群,石油化学系芳香族製品,212.5
2026-01-01,消費税を除く国内企業物価指数,商品群,石油製品,141.3
2026-01-01,消費税を除く国内企業物価指数,商品群,石炭・原油・天然ガス,163.8
2026-01-01,消費税を除く国内企業物価指数,商品群,石炭製品,201.5
2026-01-01,消費税を除く国内企業物価指数,商品群,砂利・採石,135.6
2026-01-01,消費税を除く国内企業物価指数,商品群,砂糖,133.2
2026-01-01,消費税を除く国内企業物価指数,商品群,砂糖原料作物,134.2
2026-01-01,消費税を除く国内企業物価指数,商品群,研磨材,122.0
2026-01-01,消費税を除く国内企業物価指数,商品群,砕石,124.7
2026-01-01,消費税を除く国内企業物価指数,商品群,筆記具・文具,103.2
2026-01-01,消費税を除く国内企業物価指数,商品群,米,229.5
2026-01-01,消費税を除く国内企業物価指数,商品群,精穀,213.0
2026-01-01,消費税を除く国内企業物価指数,商品群,紙製衛生材料・用品,121.3
2026-01-01,消費税を除く国内企業物価指数,商品群,素材,123.3
2026-01-01,消費税を除く国内企業物価指数,商品群,紡績糸,141.7
2026-01-01,消費税を除く国内企業物価指数,商品群,織物,121.0
2026-01-01,消費税を除く国内企業物価指数,商品群,織物製・ニット製衣服,116.9
2026-01-01,消費税を除く国内企業物価指数,商品群,耐火物,133.1
2026-01-01,消費税を除く国内企業物価指数,商品群,脂肪族中間物,145.0
2026-01-01,消費税を除く国内企業物価指数,商品群,自動車用内燃機関,107.8
2026-01-01,消費税を除く国内企業物価指数,商品群,自動車部品,117.2
2026-01-01,消費税を除く国内企業物価指数,商品群,自転車,117.8
2026-01-01,消費税を除く国内企業物価指数,商品群,舗装材料,110.2
2026-01-01,消費税を除く国内企業物価指数,商品群,航空機,126.4
2026-01-01,消費税を除く国内企業物価指数,商品群,舶用内燃機関,123.5
2026-01-01,消費税を除く国内企業物価指数,商品群,茶・コーヒー,169.1
2026-01-01,消費税を除く国内企業物価指数,商品群,菓子類,130.2
2026-01-01,消費税を除く国内企業物価指数,商品群,製材,136.4
2026-01-01,消費税を除く国内企業物価指数,商品群,製氷,118.1
2026-01-01,消費税を除く国内企業物価指数,商品群,製粉,121.7
2026-01-01,消費税を除く国内企業物価指数,商品群,計測機器,116.0
2026-01-01,消費税を除く国内企業物価指数,商品群,調味料,120.7
2026-01-01,消費税を除く国内企業物価指数,商品群,身辺細貨品,199.1
2026-01-01,消費税を除く国内企業物価指数,商品群,農業用機械,117.1
2026-01-01,消費税を除く国内企業物価指数,商品群,農産保存食料品,120.0
2026-01-01,消費税を除く国内企業物価指数,商品群,農薬,121.5
2026-01-01,消費税を除く国内企業物価指数,商品群,運動用品,112.8
2026-01-01,消費税を除く国内企業物価指数,商品群,運搬機械,124.4
2026-01-01,消費税を除く国内企業物価指数,商品群,都市ガス,146.3
2026-01-01,消費税を除く国内企業物価指数,商品群,配管工事附属品・粉末や金製品・道具類,140.6
2026-01-01,消費税を除く国内企業物価指数,商品群,配線器具,122.3
2026-01-01,消費税を除く国内企業物価指数,商品群,酪農,121.0
2026-01-01,消費税を除く国内企業物価指数,商品群,酪農品,123.4
2026-01-01,消費税を除く国内企業物価指数,商品群,金型,126.9
2026-01-01,消費税を除く国内企業物価指数,商品群,金属加工機械,111.8
2026-01-01,消費税を除く国内企業物価指数,商品群,金属工作機械,122.7
2026-01-01,消費税を除く国内企業物価指数,商品群,金属製家具,134.4
2026-01-01,消費税を除く国内企業物価指数,商品群,金属製容器・製缶板金製品,133.1
2026-01-01,消費税を除く国内企業物価指数,商品群,鉄屑,173.3
2026-01-01,消費税を除く国内企業物価指数,商品群,鉄道車両,104.5
2026-01-01,消費税を除く国内企業物価指数,商品群,鉄鋼シャースリット,134.4
2026-01-01,消費税を除く国内企業物価指数,商品群,鉛・亜鉛,250.3
2026-01-01,消費税を除く国内企業物価指数,商品群,銅,306.8
2026-01-01,消費税を除く国内企業物価指数,商品群,鋳造装置・プラスチック加工機械,119.1
2026-01-01,消費税を除く国内企業物価指数,商品群,鋳鉄管,137.0
2026-01-01,消費税を除く国内企業物価指数,商品群,鋳鍛鋼・鋳鉄品・鍛工品,129.3
2026-01-01,消費税を除く国内企業物価指数,商品群,鋼管,137.0
2026-01-01,消費税を除く国内企業物価指数,商品群,開閉制御装置・配電盤,129.2
2026-01-01,消費税を除く国内企業物価指数,商品群,陶磁器,125.2
2026-01-01,消費税を除く国内企業物価指数,商品群,集積回路,117.4
2026-01-01,消費税を除く国内企業物価指数,商品群,電子回路,120.7
2026-01-01,消費税を除く国内企業物価指数,商品群,電子応用装置,103.0
2026-01-01,消費税を除く国内企業物価指数,商品群,電子計算機附属装置,115.1
2026-01-01,消費税を除く国内企業物価指数,商品群,電気照明器具,103.8
2026-01-01,消費税を除く国内企業物価指数,商品群,電気計測器,103.4
2026-01-01,消費税を除く国内企業物価指数,商品群,電気音響機器,116.0
2026-01-01,消費税を除く国内企業物価指数,商品群,電池,117.8
2026-01-01,消費税を除く国内企業物価指数,商品群,電球類,126.5
2026-01-01,消費税を除く国内企業物価指数,商品群,電線・ケーブル,265.5
2026-01-01,消費税を除く国内企業物価指数,商品群,非鉄金属屑,319.1
2026-01-01,消費税を除く国内企業物価指数,商品群,非鉄金属素形材,144.4
2026-01-01,消費税を除く国内企業物価指数,商品群,革製履物,128.9
2026-01-01,消費税を除く国内企業物価指数,商品群,食肉,113.4
2026-01-01,消費税を除く国内企業物価指数,商品群,飼料,154.9
2026-01-01,消費税を除く国内企業物価指数,商品群,高機能性樹脂,129.0
2026-01-01,消費税を除く国内企業物価指数,商品群,鶏卵,180.1
2026-01-01,消費税を除く国内企業物価指数,大類別,スクラップ類,182.1
2026-01-01,消費税を除く国内企業物価指数,大類別,工業製品,125.8
2026-01-01,消費税を除く国内企業物価指数,大類別,農林水産物,174.6
2026-01-01,消費税を除く国内企業物価指数,大類別,鉱産物,139.8
2026-01-01,消費税を除く国内企業物価指数,大類別,電力・都市ガス・水道,131.0
2026-01-01,消費税を除く国内企業物価指数,小類別,その他の鉱業,129.6
2026-01-01,消費税を除く国内企業物価指数,小類別,その他窯業・土石製品,127.5
2026-01-01,消費税を除く国内企業物価指数,小類別,その他自動車,107.3
2026-01-01,消費税を除く国内企業物価指数,小類別,その他製造工業製品,119.1
2026-01-01,消費税を除く国内企業物価指数,小類別,その他輸送機械,118.6
2026-01-01,消費税を除く国内企業物価指数,小類別,その他金属製品,131.5
2026-01-01,消費税を除く国内企業物価指数,小類別,その他鉄鋼製品,134.4
2026-01-01,消費税を除く国内企業物価指数,小類別,その他電子部品,112.8
2026-01-01,消費税を除く国内企業物価指数,小類別,その他電気機械,112.6
2026-01-01,消費税を除く国内企業物価指数,小類別,たばこ,116.7
2026-01-01,消費税を除く国内企業物価指数,小類別,はん用機器,118.0
2026-01-01,消費税を除く国内企業物価指数,小類別,ガラス・ガラス製品,130.8
2026-01-01,消費税を除く国内企業物価指数,小類別,ゴム製品,123.0
2026-01-01,消費税を除く国内企業物価指数,小類別,スクラップ類,182.1
2026-01-01,消費税を除く国内企業物価指数,小類別,セメント・セメント製品,152.3
2026-01-01,消費税を除く国内企業物価指数,小類別,パルプ・紙・板紙・加工紙,135.8
2026-01-01,消費税を除く国内企業物価指数,小類別,プラスチック製品,116.6
2026-01-01,消費税を除く国内企業物価指数,小類別,乗用車,104.2
2026-01-01,消費税を除く国内企業物価指数,小類別,化学最終製品,115.4
2026-01-01,消費税を除く国内企業物価指数,小類別,化学繊維,111.4
2026-01-01,消費税を除く国内企業物価指数,小類別,化学肥料,161.2
2026-01-01,消費税を除く国内企業物価指数,小類別,医薬品,83.9
2026-01-01,消費税を除く国内企業物価指数,小類別,印刷・製版・製本,121.9
2026-01-01,消費税を除く国内企業物価指数,小類別,合成樹脂,148.1
2026-01-01,消費税を除く国内企業物価指数,小類別,家具・装備品,126.2
2026-01-01,消費税を除く国内企業物価指数,小類別,建設用・建築用金属製品,132.3
2026-01-01,消費税を除く国内企業物価指数,小類別,有機化学工業製品,147.0
2026-01-01,消費税を除く国内企業物価指数,小類別,木材・木製品,137.3
2026-01-01,消費税を除く国内企業物価指数,小類別,林業,123.3
2026-01-01,消費税を除く国内企業物価指数,小類別,業務用機器,111.5
2026-01-01,消費税を除く国内企業物価指数,小類別,民生用電気機器,111.8
2026-01-01,消費税を除く国内企業物価指数,小類別,水道,105.7
2026-01-01,消費税を除く国内企業物価指数,小類別,漁業,182.3
2026-01-01,消費税を除く国内企業物価指数,小類別,無機化学工業製品,132.9
2026-01-01,消費税を除く国内企業物価指数,小類別,生産用機器,117.4
2026-01-01,消費税を除く国内企業物価指数,小類別,産業用電気機器,124.7
2026-01-01,消費税を除く国内企業物価指数,小類別,畜産,123.8
2026-01-01,消費税を除く国内企業物価指数,小類別,石油化学系基礎製品,193.2
2026-01-01,消費税を除く国内企業物価指数,小類別,石油製品,141.3
2026-01-01,消費税を除く国内企業物価指数,小類別,石炭・原油・天然ガス,163.8
2026-01-01,消費税を除く国内企業物価指数,小類別,石炭製品・舗装材料,143.0
2026-01-01,消費税を除く国内企業物価指数,小類別,紙加工品,123.4
2026-01-01,消費税を除く国内企業物価指数,小類別,繊維工業製品,121.6
2026-01-01,消費税を除く国内企業物価指数,小類別,耕種農業,216.7
2026-01-01,消費税を除く国内企業物価指数,小類別,自動車部品・同附属品,115.0
2026-01-01,消費税を除く国内企業物価指数,小類別,船舶,123.5
2026-01-01,消費税を除く国内企業物価指数,小類別,衣服・その他繊維既製品,116.6
2026-01-01,消費税を除く国内企業物価指数,小類別,通信・映像・音響機器,115.0
2026-01-01,消費税を除く国内企業物価指数,小類別,都市ガス,146.3
2026-01-01,消費税を除く国内企業物価指数,小類別,銑鉄・粗鋼,150.2
2026-01-01,消費税を除く国内企業物価指数,小類別,鋳鍛造品,129.9
2026-01-01,消費税を除く国内企業物価指数,小類別,鋼材,145.1
2026-01-01,消費税を除く国内企業物価指数,小類別,陶磁器,125.2
2026-01-01,消費税を除く国内企業物価指数,小類別,電力,129.9
2026-01-01,消費税を除く国内企業物価指数,小類別,電子デバイス,105.0
2026-01-01,消費税を除く国内企業物価指数,小類別,電子応用装置・電気計測器,103.3
2026-01-01,消費税を除く国内企業物価指数,小類別,電子計算機・同附属装置,113.9
2026-01-01,消費税を除く国内企業物価指数,小類別,非鉄金属加工製品,213.4
2026-01-01,消費税を除く国内企業物価指数,小類別,非鉄金属製錬・精製,293.3
2026-01-01,消費税を除く国内企業物価指数,小類別,革製履物・なめし革・革製品・毛皮,123.0
2026-01-01,消費税を除く国内企業物価指数,小類別,食料品,127.1
2026-01-01,消費税を除く国内企業物価指数,小類別,飲料,122.8
2026-01-01,消費税を除く国内企業物価指数,小類別,飼料・有機質肥料,154.9
2026-01-01,消費税を除く国内企業物価指数,総平均,,128.4
2026-01-01,消費税を除く国内企業物価指数,総平均,,128.4
2026-01-01,消費税を除く国内企業物価指数,類別,その他工業製品,122.3
2026-01-01,消費税を除く国内企業物価指数,類別,はん用機器,118.0
2026-01-01,消費税を除く国内企業物価指数,類別,スクラップ類,182.1
2026-01-01,消費税を除く国内企業物価指数,類別,パルプ・紙・同製品,129.2
2026-01-01,消費税を除く国内企業物価指数,類別,プラスチック製品,116.6
2026-01-01,消費税を除く国内企業物価指数,類別,化学製品,114.2
2026-01-01,消費税を除く国内企業物価指数,類別,情報通信機器,114.6
2026-01-01,消費税を除く国内企業物価指数,類別,木材・木製品,137.3
2026-01-01,消費税を除く国内企業物価指数,類別,業務用機器,111.5
2026-01-01,消費税を除く国内企業物価指数,類別,生産用機器,117.4
2026-01-01,消費税を除く国内企業物価指数,類別,石油・石炭製品,141.4
2026-01-01,消費税を除く国内企業物価指数,類別,窯業・土石製品,141.1
2026-01-01,消費税を除く国内企業物価指数,類別,繊維製品,117.4
2026-01-01,消費税を除く国内企業物価指数,類別,輸送用機器,111.5
2026-01-01,消費税を除く国内企業物価指数,類別,農林水産物,174.6
2026-01-01,消費税を除く国内企業物価指数,類別,金属製品,131.8
2026-01-01,消費税を除く国内企業物価指数,類別,鉄鋼,141.4
2026-01-01,消費税を除く国内企業物価指数,類別,鉱産物,139.8
2026-01-01,消費税を除く国内企業物価指数,類別,電力・都市ガス・水道,131.0
2026-01-01,消費税を除く国内企業物価指数,類別,電子部品・デバイス,110.1
2026-01-01,消費税を除く国内企業物価指数,類別,電気機器,117.4
2026-01-01,消費税を除く国内企業物価指数,類別,非鉄金属,236.4
2026-01-01,消費税を除く国内企業物価指数,類別,飲食料品,126.7
2026-02-01,消費税を除く国内企業物価指数,(参考)夏季電力料金調整後,小類別/__電力,121.8
2026-02-01,消費税を除く国内企業物価指数,(参考)夏季電力料金調整後,類別/_電力・都市ガス・水道,123.1
2026-02-01,消費税を除く国内企業物価指数,品目,18リットル缶,133.3
2026-02-01,消費税を除く国内企業物価指数,品目,あん,114.8
2026-02-01,消費税を除く国内企業物価指数,品目,うず巻ポンプ,134.8
2026-02-01,消費税を除く国内企業物価指数,品目,うま味・風味調味料,113.4
2026-02-01,消費税を除く国内企業物価指数,品目,おう版印刷物,112.9
2026-02-01,消費税を除く国内企業物価指数,品目,かつおパック,139.2
2026-02-01,消費税を除く国内企業物価指数,品目,かばん・袋物,114.7
2026-02-01,消費税を除く国内企業物価指数,品目,がん具,110.1
2026-02-01,消費税を除く国内企業物価指数,品目,ころ軸受,113.8
2026-02-01,消費税を除く国内企業物価指数,品目,こんにゃく,111.4
2026-02-01,消費税を除く国内企業物価指数,品目,しょう油,117.9
2026-02-01,消費税を除く国内企業物価指数,品目,しらす干し,138.9
2026-02-01,消費税を除く国内企業物価指数,品目,すし・弁当・おにぎり,144.8
2026-02-01,消費税を除く国内企業物価指数,品目,そう菜,118.1
2026-02-01,消費税を除く国内企業物価指数,品目,たばこ,116.7
2026-02-01,消費税を除く国内企業物価指数,品目,たれ・めんつゆ,108.8
2026-02-01,消費税を除く国内企業物価指数,品目,つくだ煮,125.6
2026-02-01,消費税を除く国内企業物価指数,品目,てん菜,134.2
2026-02-01,消費税を除く国内企業物価指数,品目,でん粉,138.2
2026-02-01,消費税を除く国内企業物価指数,品目,ねり製品,123.5
2026-02-01,消費税を除く国内企業物価指数,品目,はかり,124.8
2026-02-01,消費税を除く国内企業物価指数,品目,はん用内燃機関,124.4
2026-02-01,消費税を除く国内企業物価指数,品目,ばね,114.6
2026-02-01,消費税を除く国内企業物価指数,品目,ひき割,149.4
2026-02-01,消費税を除く国内企業物価指数,品目,ひき角,131.4
2026-02-01,消費税を除く国内企業物価指数,品目,ぶどう糖・水あめ,139.5
2026-02-01,消費税を除く国内企業物価指数,品目,みそ,140.2
2026-02-01,消費税を除く国内企業物価指数,品目,アイスクリーム,127.2
2026-02-01,消費税を除く国内企業物価指数,品目,アクリロニトリル,171.2
2026-02-01,消費税を除く国内企業物価指数,品目,アスファルト,165.7
2026-02-01,消費税を除く国内企業物価指数,品目,アスファルト塗工紙,125.3
2026-02-01,消費税を除く国内企業物価指数,品目,アルカリ・リチウムイオン蓄電池,101.7
2026-02-01,消費税を除く国内企業物価指数,品目,アルミニウムサッシ,133.5
2026-02-01,消費税を除く国内企業物価指数,品目,アルミニウム合金ダイカスト,135.7
2026-02-01,消費税を除く国内企業物価指数,品目,アルミニウム合金・同二次合金地金,220.7
2026-02-01,消費税を除く国内企業物価指数,品目,アルミニウム製飲料用缶,132.6
2026-02-01,消費税を除く国内企業物価指数,品目,アルミニウム鍛造品,126.2
2026-02-01,消費税を除く国内企業物価指数,品目,アルミ圧延製品,155.8
2026-02-01,消費税を除く国内企業物価指数,品目,イグニッションコイル,115.9
2026-02-01,消費税を除く国内企業物価指数,品目,ウイスキー,118.7
2026-02-01,消費税を除く国内企業物価指数,品目,エチレン,182.9
2026-02-01,消費税を除く国内企業物価指数,品目,エレベータ,135.2
2026-02-01,消費税を除く国内企業物価指数,品目,カメラ用交換レンズ,109.8
2026-02-01,消費税を除く国内企業物価指数,品目,カーエアコン・同部品,112.2
2026-02-01,消費税を除く国内企業物価指数,品目,ガス暖房・調理装置,128.2
2026-02-01,消費税を除く国内企業物価指数,品目,ガソリン,120.2
2026-02-01,消費税を除く国内企業物価指数,品目,ガラス容器,147.8
2026-02-01,消費税を除く国内企業物価指数,品目,ガラス繊維・同製品,133.4
2026-02-01,消費税を除く国内企業物価指数,品目,ガラス製加工素材,101.3
2026-02-01,消費税を除く国内企業物価指数,品目,キシレン,211.0
2026-02-01,消費税を除く国内企業物価指数,品目,キャンデー,123.9
2026-02-01,消費税を除く国内企業物価指数,品目,クッキングヒーター,111.9
2026-02-01,消費税を除く国内企業物価指数,品目,クラフト紙,132.0
2026-02-01,消費税を除く国内企業物価指数,品目,クレーン,153.7
2026-02-01,消費税を除く国内企業物価指数,品目,コンクリートブロック,140.9
2026-02-01,消費税を除く国内企業物価指数,品目,コンクリート機械,137.0
2026-02-01,消費税を除く国内企業物価指数,品目,コンクリート管・ポール・パイル,146.4
2026-02-01,消費税を除く国内企業物価指数,品目,コントロールユニット,102.0
2026-02-01,消費税を除く国内企業物価指数,品目,コンバイン,112.9
2026-02-01,消費税を除く国内企業物価指数,品目,コンベヤ,108.8
2026-02-01,消費税を除く国内企業物価指数,品目,コーヒー,187.4
2026-02-01,消費税を除く国内企業物価指数,品目,コーヒー飲料,124.4
2026-02-01,消費税を除く国内企業物価指数,品目,ゴムベルト,114.5
2026-02-01,消費税を除く国内企業物価指数,品目,ゴムホース,109.9
2026-02-01,消費税を除く国内企業物価指数,品目,ゴムロール,107.4
2026-02-01,消費税を除く国内企業物価指数,品目,ゴム練生地,153.9
2026-02-01,消費税を除く国内企業物価指数,品目,ゴム製パッキン,103.8
2026-02-01,消費税を除く国内企業物価指数,品目,サプリメント,106.5
2026-02-01,消費税を除く国内企業物価指数,品目,サーミスタ,110.5
2026-02-01,消費税を除く国内企業物価指数,品目,シャシー・車体構成部品,116.1
2026-02-01,消費税を除く国内企業物価指数,品目,シャッター,145.5
2026-02-01,消費税を除く国内企業物価指数,品目,ショートニング,179.1
2026-02-01,消費税を除く国内企業物価指数,品目,シリアル,119.6
2026-02-01,消費税を除く国内企業物価指数,品目,シリコンウエハ,101.6
2026-02-01,消費税を除く国内企業物価指数,品目,シンナー,137.4
2026-02-01,消費税を除く国内企業物価指数,品目,ジェット燃料油,180.4
2026-02-01,消費税を除く国内企業物価指数,品目,ジュエリー,200.9
2026-02-01,消費税を除く国内企業物価指数,品目,ジュース,142.0
2026-02-01,消費税を除く国内企業物価指数,品目,スチレンモノマー,192.3
2026-02-01,消費税を除く国内企業物価指数,品目,スチール机・いす,132.4
2026-02-01,消費税を除く国内企業物価指数,品目,ステンレス冷延鋼板,149.6
2026-02-01,消費税を除く国内企業物価指数,品目,ステンレス鋼管,99.8
2026-02-01,消費税を除く国内企業物価指数,品目,スナック菓子,130.3
2026-02-01,消費税を除く国内企業物価指数,品目,スポーツドリンク,121.6
2026-02-01,消費税を除く国内企業物価指数,品目,センサデバイス,110.1
2026-02-01,消費税を除く国内企業物価指数,品目,ソース,137.6
2026-02-01,消費税を除く国内企業物価指数,品目,ソーダ工業製品,133.0
2026-02-01,消費税を除く国内企業物価指数,品目,タオル,118.4
2026-02-01,消費税を除く国内企業物価指数,品目,タービン,126.8
2026-02-01,消費税を除く国内企業物価指数,品目,ダイオード・整流素子,121.9
2026-02-01,消費税を除く国内企業物価指数,品目,ダイヤモンド工具,117.7
2026-02-01,消費税を除く国内企業物価指数,品目,チューインガム,120.3
2026-02-01,消費税を除く国内企業物価指数,品目,チョコレート,178.2
2026-02-01,消費税を除く国内企業物価指数,品目,チーズ,124.3
2026-02-01,消費税を除く国内企業物価指数,品目,ティッシュペーパー,117.1
2026-02-01,消費税を除く国内企業物価指数,品目,トイレットペーパー,127.6
2026-02-01,消費税を除く国内企業物価指数,品目,トラック,106.2
2026-02-01,消費税を除く国内企業物価指数,品目,トランジスタ,104.2
2026-02-01,消費税を除く国内企業物価指数,品目,ドラム缶,150.5
2026-02-01,消費税を除く国内企業物価指数,品目,ナフサ,200.7
2026-02-01,消費税を除く国内企業物価指数,品目,ノンアルコール飲料,114.8
2026-02-01,消費税を除く国内企業物価指数,品目,ノーカーボン紙・粘着紙,134.9
2026-02-01,消費税を除く国内企業物価指数,品目,バス,106.4
2026-02-01,消費税を除く国内企業物価指数,品目,バター,133.8
2026-02-01,消費税を除く国内企業物価指数,品目,バルブ,135.7
2026-02-01,消費税を除く国内企業物価指数,品目,パイプ加工品,123.9
2026-02-01,消費税を除く国内企業物価指数,品目,パレット,123.9
2026-02-01,消費税を除く国内企業物価指数,品目,パン粉,121.8
2026-02-01,消費税を除く国内企業物価指数,品目,パーソナルコンピュータ,112.6
2026-02-01,消費税を除く国内企業物価指数,品目,ビスケット類,117.6
2026-02-01,消費税を除く国内企業物価指数,品目,ビデオ機器・デジタルカメラ,114.5
2026-02-01,消費税を除く国内企業物価指数,品目,ビール,106.7
2026-02-01,消費税を除く国内企業物価指数,品目,ピストンリング,105.8
2026-02-01,消費税を除く国内企業物価指数,品目,フェノール・ビスフェノールＡ,121.7
2026-02-01,消費税を除く国内企業物価指数,品目,フェルト生地・不織布,111.9
2026-02-01,消費税を除く国内企業物価指数,品目,フェロマンガン,150.2
2026-02-01,消費税を除く国内企業物価指数,品目,フォトマスク,122.2
2026-02-01,消費税を除く国内企業物価指数,品目,フォークリフトトラック・同部品,122.7
2026-02-01,消費税を除く国内企業物価指数,品目,フッ素樹脂,151.6
2026-02-01,消費税を除く国内企業物価指数,品目,ブタン・ブチレン・ブタジエン,208.6
2026-02-01,消費税を除く国内企業物価指数,品目,ブリキ・クロムめっき鋼板,142.0
2026-02-01,消費税を除く国内企業物価指数,品目,プラスチックフィルム・シート,118.8
2026-02-01,消費税を除く国内企業物価指数,品目,プラスチック加工機械,120.9
2026-02-01,消費税を除く国内企業物価指数,品目,プラスチック床材,129.9
2026-02-01,消費税を除く国内企業物価指数,品目,プラスチック板,125.2
2026-02-01,消費税を除く国内企業物価指数,品目,プラスチック管,151.3
2026-02-01,消費税を除く国内企業物価指数,品目,プラスチック継手,129.1
2026-02-01,消費税を除く国内企業物価指数,品目,プラスチック被覆銅線,272.5
2026-02-01,消費税を除く国内企業物価指数,品目,プラスチック製中空成形容器,111.6
2026-02-01,消費税を除く国内企業物価指数,品目,プラスチック製容器（除中空成形）,127.1
2026-02-01,消費税を除く国内企業物価指数,品目,プラスチック製日用品,108.5
2026-02-01,消費税を除く国内企業物価指数,品目,プラスチック雨どい,125.6
2026-02-01,消費税を除く国内企業物価指数,品目,プリント配線板,120.5
2026-02-01,消費税を除く国内企業物価指数,品目,プレストレストコンクリート製品,144.0
2026-02-01,消費税を除く国内企業物価指数,品目,プレス機械,105.6
2026-02-01,消費税を除く国内企業物価指数,品目,プログラマブルコントローラ,108.2
2026-02-01,消費税を除く国内企業物価指数,品目,プロピレン,175.3
2026-02-01,消費税を除く国内企業物価指数,品目,ベンゼン,231.0
2026-02-01,消費税を除く国内企業物価指数,品目,ペットフード,129.2
2026-02-01,消費税を除く国内企業物価指数,品目,ボイラ,104.6
2026-02-01,消費税を除く国内企業物価指数,品目,ボルト・ナット,130.8
2026-02-01,消費税を除く国内企業物価指数,品目,ボンベ,144.4
2026-02-01,消費税を除く国内企業物価指数,品目,ポリアミド樹脂,139.8
2026-02-01,消費税を除く国内企業物価指数,品目,ポリエチレン,156.1
2026-02-01,消費税を除く国内企業物価指数,品目,ポリカーボネート,132.9
2026-02-01,消費税を除く国内企業物価指数,品目,ポリスチレン,153.9
2026-02-01,消費税を除く国内企業物価指数,品目,ポリフェニレンサルファイド,118.4
2026-02-01,消費税を除く国内企業物価指数,品目,ポリプロピレン,163.6
2026-02-01,消費税を除く国内企業物価指数,品目,ポルトランドセメント,165.8
2026-02-01,消費税を除く国内企業物価指数,品目,マシニングセンタ,124.7
2026-02-01,消費税を除く国内企業物価指数,品目,マーガリン,142.1
2026-02-01,消費税を除く国内企業物価指数,品目,ミネラルウォーター,127.2
2026-02-01,消費税を除く国内企業物価指数,品目,メタクリル樹脂,133.7
2026-02-01,消費税を除く国内企業物価指数,品目,ヨーグルト,117.3
2026-02-01,消費税を除く国内企業物価指数,品目,ライナー,142.4
2026-02-01,消費税を除く国内企業物価指数,品目,ルウ,131.2
2026-02-01,消費税を除く国内企業物価指数,品目,ルームユニット,124.1
2026-02-01,消費税を除く国内企業物価指数,品目,レトルト食品,113.5
2026-02-01,消費税を除く国内企業物価指数,品目,ロボット,105.3
2026-02-01,消費税を除く国内企業物価指数,品目,ローラチェーン,107.6
2026-02-01,消費税を除く国内企業物価指数,品目,ワイヤフォーミングマシン,101.1
2026-02-01,消費税を除く国内企業物価指数,品目,ワイヤロープ・ＰＣ鋼より線,155.5
2026-02-01,消費税を除く国内企業物価指数,品目,ワイヤーハーネス,116.6
2026-02-01,消費税を除く国内企業物価指数,品目,上水道,105.8
2026-02-01,消費税を除く国内企業物価指数,品目,下着類,110.6
2026-02-01,消費税を除く国内企業物価指数,品目,中しん原紙,142.8
2026-02-01,消費税を除く国内企業物価指数,品目,中華めん,133.1
2026-02-01,消費税を除く国内企業物価指数,品目,丸太,123.6
2026-02-01,消費税を除く国内企業物価指数,品目,乗用車,104.2
2026-02-01,消費税を除く国内企業物価指数,品目,乳飲料・乳酸菌飲料,120.5
2026-02-01,消費税を除く国内企業物価指数,品目,乾電池,130.8
2026-02-01,消費税を除く国内企業物価指数,品目,事務所用・店舗用装備品,132.5
2026-02-01,消費税を除く国内企業物価指数,品目,事業用電力,121.8
2026-02-01,消費税を除く国内企業物価指数,品目,二輪自動車,110.8
2026-02-01,消費税を除く国内企業物価指数,品目,亜鉛めっき鋼板,146.1
2026-02-01,消費税を除く国内企業物価指数,品目,交通信号保安装置,120.0
2026-02-01,消費税を除く国内企業物価指数,品目,人体安全保護具・救命具,103.1
2026-02-01,消費税を除く国内企業物価指数,品目,人造氷,118.0
2026-02-01,消費税を除く国内企業物価指数,品目,仕上用・皮膚用化粧品,106.9
2026-02-01,消費税を除く国内企業物価指数,品目,住宅建築用木製組立材料,150.4
2026-02-01,消費税を除く国内企業物価指数,品目,充電発電機,121.2
2026-02-01,消費税を除く国内企業物価指数,品目,光電変換素子,101.2
2026-02-01,消費税を除く国内企業物価指数,品目,再生プラスチック成形材料,138.7
2026-02-01,消費税を除く国内企業物価指数,品目,写真感光材料,106.4
2026-02-01,消費税を除く国内企業物価指数,品目,冷凍・冷蔵用ショーケース,113.8
2026-02-01,消費税を除く国内企業物価指数,品目,冷凍機,116.9
2026-02-01,消費税を除く国内企業物価指数,品目,冷凍調理食品,127.2
2026-02-01,消費税を除く国内企業物価指数,品目,冷延広幅帯鋼,139.2
2026-02-01,消費税を除く国内企業物価指数,品目,冷延電気鋼帯,178.4
2026-02-01,消費税を除く国内企業物価指数,品目,処理牛乳,124.8
2026-02-01,消費税を除く国内企業物価指数,品目,凸版印刷物,117.5
2026-02-01,消費税を除く国内企業物価指数,品目,刃物・道具類,109.7
2026-02-01,消費税を除く国内企業物価指数,品目,分析機器,114.9
2026-02-01,消費税を除く国内企業物価指数,品目,分電盤,144.8
2026-02-01,消費税を除く国内企業物価指数,品目,加工原紙,138.2
2026-02-01,消費税を除く国内企業物価指数,品目,包装・荷造機械,114.5
2026-02-01,消費税を除く国内企業物価指数,品目,化学機械,116.0
2026-02-01,消費税を除く国内企業物価指数,品目,化学繊維,111.4
2026-02-01,消費税を除く国内企業物価指数,品目,化学肥料,161.2
2026-02-01,消費税を除く国内企業物価指数,品目,医療・衛生用ゴム製品,108.2
2026-02-01,消費税を除く国内企業物価指数,品目,医療・衛生用プラスチック製品,108.7
2026-02-01,消費税を除く国内企業物価指数,品目,医療用品,95.2
2026-02-01,消費税を除く国内企業物価指数,品目,医療用機器,103.9
2026-02-01,消費税を除く国内企業物価指数,品目,医療用計測器,97.5
2026-02-01,消費税を除く国内企業物価指数,品目,医薬品（除動物用）,83.9
2026-02-01,消費税を除く国内企業物価指数,品目,半導体・ＩＣ測定器,89.9
2026-02-01,消費税を除く国内企業物価指数,品目,半導体製造装置（除フラットパネルディスプレイ製造装置）,109.8
2026-02-01,消費税を除く国内企業物価指数,品目,印刷インキ,138.1
2026-02-01,消費税を除く国内企業物価指数,品目,印刷装置,116.5
2026-02-01,消費税を除く国内企業物価指数,品目,印刷関連機械,124.1
2026-02-01,消費税を除く国内企業物価指数,品目,即席みそ汁・インスタントスープ,121.4
2026-02-01,消費税を除く国内企業物価指数,品目,即席めん,117.2
2026-02-01,消費税を除く国内企業物価指数,品目,厚中板,150.8
2026-02-01,消費税を除く国内企業物価指数,品目,原乳,121.0
2026-02-01,消費税を除く国内企業物価指数,品目,古紙,119.5
2026-02-01,消費税を除く国内企業物価指数,品目,合わせガラス,127.9
2026-02-01,消費税を除く国内企業物価指数,品目,合成アセトン,137.4
2026-02-01,消費税を除く国内企業物価指数,品目,合成ゴム,159.5
2026-02-01,消費税を除く国内企業物価指数,品目,合成染料,114.7
2026-02-01,消費税を除く国内企業物価指数,品目,合成樹脂塗料,121.0
2026-02-01,消費税を除く国内企業物価指数,品目,合成皮革,141.2
2026-02-01,消費税を除く国内企業物価指数,品目,和生菓子,122.1
2026-02-01,消費税を除く国内企業物価指数,品目,和風めん,120.6
2026-02-01,消費税を除く国内企業物価指数,品目,固定局通信装置,132.1
2026-02-01,消費税を除く国内企業物価指数,品目,圧力計・流量計,105.6
2026-02-01,消費税を除く国内企業物価指数,品目,圧縮ガス・液化ガス,125.6
2026-02-01,消費税を除く国内企業物価指数,品目,圧縮機・送風機,125.1
2026-02-01,消費税を除く国内企業物価指数,品目,塗工印刷用紙,139.0
2026-02-01,消費税を除く国内企業物価指数,品目,塩,141.7
2026-02-01,消費税を除く国内企業物価指数,品目,塩化ビニルモノマー,140.2
2026-02-01,消費税を除く国内企業物価指数,品目,塩化ビニル樹脂,146.2
2026-02-01,消費税を除く国内企業物価指数,品目,塩干・塩蔵品,190.5
2026-02-01,消費税を除く国内企業物価指数,品目,壁紙・ふすま紙,153.7
2026-02-01,消費税を除く国内企業物価指数,品目,変圧器・計器用変成器,153.7
2026-02-01,消費税を除く国内企業物価指数,品目,変換部品,127.9
2026-02-01,消費税を除く国内企業物価指数,品目,変速機,127.7
2026-02-01,消費税を除く国内企業物価指数,品目,外衣・シャツ,115.4
2026-02-01,消費税を除く国内企業物価指数,品目,外部記憶装置,121.9
2026-02-01,消費税を除く国内企業物価指数,品目,大人用紙おむつ,122.8
2026-02-01,消費税を除く国内企業物価指数,品目,天然ガス,162.9
2026-02-01,消費税を除く国内企業物価指数,品目,始動電動機,122.0
2026-02-01,消費税を除く国内企業物価指数,品目,娯楽機器,104.9
2026-02-01,消費税を除く国内企業物価指数,品目,子供用紙おむつ,116.6
2026-02-01,消費税を除く国内企業物価指数,品目,家庭用合成洗剤,113.2
2026-02-01,消費税を除く国内企業物価指数,品目,寝具,116.8
2026-02-01,消費税を除く国内企業物価指数,品目,封筒,117.4
2026-02-01,消費税を除く国内企業物価指数,品目,小形棒鋼,149.4
2026-02-01,消費税を除く国内企業物価指数,品目,小麦粉,121.7
2026-02-01,消費税を除く国内企業物価指数,品目,工具鋼,136.9
2026-02-01,消費税を除く国内企業物価指数,品目,工業用スポンジ製品,106.0
2026-02-01,消費税を除く国内企業物価指数,品目,工業用水,102.1
2026-02-01,消費税を除く国内企業物価指数,品目,工業計器,119.3
2026-02-01,消費税を除く国内企業物価指数,品目,巻上機,128.5
2026-02-01,消費税を除く国内企業物価指数,品目,干のり,162.6
2026-02-01,消費税を除く国内企業物価指数,品目,平版印刷物,125.0
2026-02-01,消費税を除く国内企業物価指数,品目,床板,126.8
2026-02-01,消費税を除く国内企業物価指数,品目,建築用板金製品,133.4
2026-02-01,消費税を除く国内企業物価指数,品目,建設用クレーン,112.4
2026-02-01,消費税を除く国内企業物価指数,品目,建設用トラクタ,114.9
2026-02-01,消費税を除く国内企業物価指数,品目,強化ガラス,132.5
2026-02-01,消費税を除く国内企業物価指数,品目,強化プラスチック管板類,139.7
2026-02-01,消費税を除く国内企業物価指数,品目,形鋼,142.4
2026-02-01,消費税を除く国内企業物価指数,品目,情報用紙,128.1
2026-02-01,消費税を除く国内企業物価指数,品目,懸架・制動装置部品,106.9
2026-02-01,消費税を除く国内企業物価指数,品目,掘さく機,114.9
2026-02-01,消費税を除く国内企業物価指数,品目,接着剤,125.3
2026-02-01,消費税を除く国内企業物価指数,品目,接続部品,113.9
2026-02-01,消費税を除く国内企業物価指数,品目,換気扇,135.7
2026-02-01,消費税を除く国内企業物価指数,品目,敷物,112.1
2026-02-01,消費税を除く国内企業物価指数,品目,新聞用紙,132.9
2026-02-01,消費税を除く国内企業物価指数,品目,旋盤,117.2
2026-02-01,消費税を除く国内企業物価指数,品目,日用紙製品,118.9
2026-02-01,消費税を除く国内企業物価指数,品目,普通合板,108.0
2026-02-01,消費税を除く国内企業物価指数,品目,普通鋼鋼管,149.4
2026-02-01,消費税を除く国内企業物価指数,品目,普通鋼鋼線・特殊鋼鋼線,163.7
2026-02-01,消費税を除く国内企業物価指数,品目,有線電気通信機器,114.9
2026-02-01,消費税を除く国内企業物価指数,品目,木材チップ,127.3
2026-02-01,消費税を除く国内企業物価指数,品目,木箱,122.5
2026-02-01,消費税を除く国内企業物価指数,品目,木製建具,115.5
2026-02-01,消費税を除く国内企業物価指数,品目,木製机・いす,124.6
2026-02-01,消費税を除く国内企業物価指数,品目,木製棚,131.7
2026-02-01,消費税を除く国内企業物価指数,品目,木製流し台セット,121.2
2026-02-01,消費税を除く国内企業物価指数,品目,板,118.4
2026-02-01,消費税を除く国内企業物価指数,品目,板ガラス,126.5
2026-02-01,消費税を除く国内企業物価指数,品目,果実・野菜缶詰,154.0
2026-02-01,消費税を除く国内企業物価指数,品目,果実酒・チューハイ,114.1
2026-02-01,消費税を除く国内企業物価指数,品目,架線金物,147.3
2026-02-01,消費税を除く国内企業物価指数,品目,柔軟仕上げ剤,107.9
2026-02-01,消費税を除く国内企業物価指数,品目,梱包用材,151.6
2026-02-01,消費税を除く国内企業物価指数,品目,植物油搾かす,145.0
2026-02-01,消費税を除く国内企業物価指数,品目,植物油脂（除混合植物油脂）,154.0
2026-02-01,消費税を除く国内企業物価指数,品目,業務用エアコン,108.4
2026-02-01,消費税を除く国内企業物価指数,品目,構造用合金鋼,143.4
2026-02-01,消費税を除く国内企業物価指数,品目,橋りょう,142.3
2026-02-01,消費税を除く国内企業物価指数,品目,機械構造用炭素鋼,141.0
2026-02-01,消費税を除く国内企業物価指数,品目,機械用銑鉄鋳物,134.2
2026-02-01,消費税を除く国内企業物価指数,品目,歯磨,92.3
2026-02-01,消費税を除く国内企業物価指数,品目,歯科材料,159.0
2026-02-01,消費税を除く国内企業物価指数,品目,歯科用機器,104.8
2026-02-01,消費税を除く国内企業物価指数,品目,歯車,123.0
2026-02-01,消費税を除く国内企業物価指数,品目,段ボール,135.6
2026-02-01,消費税を除く国内企業物価指数,品目,段ボール箱,125.0
2026-02-01,消費税を除く国内企業物価指数,品目,民生用エアコンディショナ,121.9
2026-02-01,消費税を除く国内企業物価指数,品目,気泡コンクリート製品,119.2
2026-02-01,消費税を除く国内企業物価指数,品目,水中ポンプ,142.4
2026-02-01,消費税を除く国内企業物価指数,品目,水晶振動子,111.3
2026-02-01,消費税を除く国内企業物価指数,品目,水産びん・かん詰,128.1
2026-02-01,消費税を除く国内企業物価指数,品目,水産物漬物,120.3
2026-02-01,消費税を除く国内企業物価指数,品目,氷菓,121.7
2026-02-01,消費税を除く国内企業物価指数,品目,永久磁石,145.7
2026-02-01,消費税を除く国内企業物価指数,品目,油圧シリンダ,125.0
2026-02-01,消費税を除く国内企業物価指数,品目,油圧バルブ,110.8
2026-02-01,消費税を除く国内企業物価指数,品目,油圧モータ,118.3
2026-02-01,消費税を除く国内企業物価指数,品目,洋生菓子,115.6
2026-02-01,消費税を除く国内企業物価指数,品目,洋風めん,125.7
2026-02-01,消費税を除く国内企業物価指数,品目,消火器,126.8
2026-02-01,消費税を除く国内企業物価指数,品目,液化石油ガス,179.4
2026-02-01,消費税を除く国内企業物価指数,品目,液晶パネル,92.7
2026-02-01,消費税を除く国内企業物価指数,品目,混合植物油脂,157.1
2026-02-01,消費税を除く国内企業物価指数,品目,清酒,122.4
2026-02-01,消費税を除く国内企業物価指数,品目,溶接棒,123.5
2026-02-01,消費税を除く国内企業物価指数,品目,漂白剤,127.8
2026-02-01,消費税を除く国内企業物価指数,品目,漬物,112.1
2026-02-01,消費税を除く国内企業物価指数,品目,潤滑油,127.2
2026-02-01,消費税を除く国内企業物価指数,品目,灯油,180.0
2026-02-01,消費税を除く国内企業物価指数,品目,炭素・黒鉛製品,104.7
2026-02-01,消費税を除く国内企業物価指数,品目,炭酸飲料,123.6
2026-02-01,消費税を除く国内企業物価指数,品目,無機顔料,141.3
2026-02-01,消費税を除く国内企業物価指数,品目,無線応用装置,110.6
2026-02-01,消費税を除く国内企業物価指数,品目,焼ちゅう,106.2
2026-02-01,消費税を除く国内企業物価指数,品目,熱延広幅帯鋼,136.0
2026-02-01,消費税を除く国内企業物価指数,品目,熱硬化性樹脂,136.4
2026-02-01,消費税を除く国内企業物価指数,品目,牛肉,109.9
2026-02-01,消費税を除く国内企業物価指数,品目,特別用途車,119.6
2026-02-01,消費税を除く国内企業物価指数,品目,特殊印刷物,114.3
2026-02-01,消費税を除く国内企業物価指数,品目,特殊合板,157.4
2026-02-01,消費税を除く国内企業物価指数,品目,特殊用途鋼,146.1
2026-02-01,消費税を除く国内企業物価指数,品目,特殊鋼切削工具,133.7
2026-02-01,消費税を除く国内企業物価指数,品目,玄米,229.5
2026-02-01,消費税を除く国内企業物価指数,品目,玉軸受,114.6
2026-02-01,消費税を除く国内企業物価指数,品目,理化学機器,113.5
2026-02-01,消費税を除く国内企業物価指数,品目,理容用電気器具,110.9
2026-02-01,消費税を除く国内企業物価指数,品目,生クリーム,125.2
2026-02-01,消費税を除く国内企業物価指数,品目,生コンクリート,156.5
2026-02-01,消費税を除く国内企業物価指数,品目,生理用品,113.0
2026-02-01,消費税を除く国内企業物価指数,品目,生石灰,141.7
2026-02-01,消費税を除く国内企業物価指数,品目,田植機,119.2
2026-02-01,消費税を除く国内企業物価指数,品目,界面活性剤,136.4
2026-02-01,消費税を除く国内企業物価指数,品目,異性化糖,128.6
2026-02-01,消費税を除く国内企業物価指数,品目,病院用器具,130.3
2026-02-01,消費税を除く国内企業物価指数,品目,発泡酒・新ジャンル,128.0
2026-02-01,消費税を除く国内企業物価指数,品目,白板紙,132.9
2026-02-01,消費税を除く国内企業物価指数,品目,監視制御装置,116.0
2026-02-01,消費税を除く国内企業物価指数,品目,看板・標識機,120.7
2026-02-01,消費税を除く国内企業物価指数,品目,真空ポンプ,110.3
2026-02-01,消費税を除く国内企業物価指数,品目,眼鏡枠・レンズ,106.1
2026-02-01,消費税を除く国内企業物価指数,品目,石けん・身体洗浄剤,109.7
2026-02-01,消費税を除く国内企業物価指数,品目,石こうボード・粘土かわら,152.5
2026-02-01,消費税を除く国内企業物価指数,品目,石工品,116.0
2026-02-01,消費税を除く国内企業物価指数,品目,石油暖房装置,124.7
2026-02-01,消費税を除く国内企業物価指数,品目,石灰石,135.1
2026-02-01,消費税を除く国内企業物価指数,品目,石炭コークス,201.5
2026-02-01,消費税を除く国内企業物価指数,品目,砂利,135.6
2026-02-01,消費税を除く国内企業物価指数,品目,砂糖,133.2
2026-02-01,消費税を除く国内企業物価指数,品目,研削盤,131.2
2026-02-01,消費税を除く国内企業物価指数,品目,研磨材,122.2
2026-02-01,消費税を除く国内企業物価指数,品目,砕石,124.7
2026-02-01,消費税を除く国内企業物価指数,品目,硬質プラスチック発泡製品,139.6
2026-02-01,消費税を除く国内企業物価指数,品目,磁性材部品,109.9
2026-02-01,消費税を除く国内企業物価指数,品目,磨棒鋼,148.9
2026-02-01,消費税を除く国内企業物価指数,品目,穀物処理機械,114.1
2026-02-01,消費税を除く国内企業物価指数,品目,積算体積計,105.5
2026-02-01,消費税を除く国内企業物価指数,品目,空気動工具・電動工具,130.5
2026-02-01,消費税を除く国内企業物価指数,品目,空気圧機器,107.5
2026-02-01,消費税を除く国内企業物価指数,品目,窓・扉用日よけ,119.1
2026-02-01,消費税を除く国内企業物価指数,品目,窯業外装材,120.5
2026-02-01,消費税を除く国内企業物価指数,品目,筆記具・文具,103.2
2026-02-01,消費税を除く国内企業物価指数,品目,米菓,129.2
2026-02-01,消費税を除く国内企業物価指数,品目,粉乳,118.5
2026-02-01,消費税を除く国内企業物価指数,品目,粉末や金製品,117.9
2026-02-01,消費税を除く国内企業物価指数,品目,精密測定器,119.9
2026-02-01,消費税を除く国内企業物価指数,品目,精米,209.9
2026-02-01,消費税を除く国内企業物価指数,品目,納豆,119.6
2026-02-01,消費税を除く国内企業物価指数,品目,紙管,130.8
2026-02-01,消費税を除く国内企業物価指数,品目,紙箱,122.2
2026-02-01,消費税を除く国内企業物価指数,品目,紡績糸,141.7
2026-02-01,消費税を除く国内企業物価指数,品目,継電器,120.3
2026-02-01,消費税を除く国内企業物価指数,品目,緑茶,155.5
2026-02-01,消費税を除く国内企業物価指数,品目,線材,135.5
2026-02-01,消費税を除く国内企業物価指数,品目,繊維製帆布,122.6
2026-02-01,消費税を除く国内企業物価指数,品目,繊維製身の回り品,116.4
2026-02-01,消費税を除く国内企業物価指数,品目,織物,121.0
2026-02-01,消費税を除く国内企業物価指数,品目,耐火物,133.1
2026-02-01,消費税を除く国内企業物価指数,品目,肉製品,122.3
2026-02-01,消費税を除く国内企業物価指数,品目,肉製品・水産製品製造機械,119.5
2026-02-01,消費税を除く国内企業物価指数,品目,自動販売機,131.8
2026-02-01,消費税を除く国内企業物価指数,品目,自動車タイヤ,129.0
2026-02-01,消費税を除く国内企業物価指数,品目,自動車整備・サービス機器,131.3
2026-02-01,消費税を除く国内企業物価指数,品目,自動車用内燃機関部品,107.8
2026-02-01,消費税を除く国内企業物価指数,品目,自転車部品,117.3
2026-02-01,消費税を除く国内企業物価指数,品目,自転車（除車いす・自転車部品）,118.5
2026-02-01,消費税を除く国内企業物価指数,品目,舗装材料,109.4
2026-02-01,消費税を除く国内企業物価指数,品目,航空機部品,126.4
2026-02-01,消費税を除く国内企業物価指数,品目,舶用ディーゼル機関,123.5
2026-02-01,消費税を除く国内企業物価指数,品目,茶づけ・ふりかけ,124.3
2026-02-01,消費税を除く国内企業物価指数,品目,茶飲料,111.6
2026-02-01,消費税を除く国内企業物価指数,品目,荒茶,164.1
2026-02-01,消費税を除く国内企業物価指数,品目,菓子パン,124.7
2026-02-01,消費税を除く国内企業物価指数,品目,葉たばこ,102.3
2026-02-01,消費税を除く国内企業物価指数,品目,衛生材料,114.1
2026-02-01,消費税を除く国内企業物価指数,品目,衛生陶器,125.2
2026-02-01,消費税を除く国内企業物価指数,品目,表示装置・端末装置,112.7
2026-02-01,消費税を除く国内企業物価指数,品目,製パン・製菓機械,128.4
2026-02-01,消費税を除く国内企業物価指数,品目,複層ガラス,142.4
2026-02-01,消費税を除く国内企業物価指数,品目,触媒,121.5
2026-02-01,消費税を除く国内企業物価指数,品目,試験機,125.0
2026-02-01,消費税を除く国内企業物価指数,品目,調理パン・サンドイッチ,128.1
2026-02-01,消費税を除く国内企業物価指数,品目,豆乳飲料,115.2
2026-02-01,消費税を除く国内企業物価指数,品目,豆腐・しみ豆腐・油揚げ類,121.5
2026-02-01,消費税を除く国内企業物価指数,品目,豆菓子,125.8
2026-02-01,消費税を除く国内企業物価指数,品目,豚肉,105.6
2026-02-01,消費税を除く国内企業物価指数,品目,貴金属展伸材,362.1
2026-02-01,消費税を除く国内企業物価指数,品目,超硬工具,115.5
2026-02-01,消費税を除く国内企業物価指数,品目,超音波応用装置,111.2
2026-02-01,消費税を除く国内企業物価指数,品目,軟質プラスチック発泡製品,110.9
2026-02-01,消費税を除く国内企業物価指数,品目,軽包装紙袋,116.3
2026-02-01,消費税を除く国内企業物価指数,品目,軽油,154.4
2026-02-01,消費税を除く国内企業物価指数,品目,軽量形鋼,158.1
2026-02-01,消費税を除く国内企業物価指数,品目,輸送機械用プラスチック製品,106.7
2026-02-01,消費税を除く国内企業物価指数,品目,農業用トラクタ・耕うん機,119.8
2026-02-01,消費税を除く国内企業物価指数,品目,農薬,121.5
2026-02-01,消費税を除く国内企業物価指数,品目,造作材,128.4
2026-02-01,消費税を除く国内企業物価指数,品目,運動用品,112.8
2026-02-01,消費税を除く国内企業物価指数,品目,道路用コンクリート製品,160.5
2026-02-01,消費税を除く国内企業物価指数,品目,遮断器,124.0
2026-02-01,消費税を除く国内企業物価指数,品目,都市ガス,137.3
2026-02-01,消費税を除く国内企業物価指数,品目,配合飼料,158.1
2026-02-01,消費税を除く国内企業物価指数,品目,配管工事用附属品,129.8
2026-02-01,消費税を除く国内企業物価指数,品目,配線器具,122.1
2026-02-01,消費税を除く国内企業物価指数,品目,配電盤,145.7
2026-02-01,消費税を除く国内企業物価指数,品目,酸化エチレン・エチレングリコール,133.6
2026-02-01,消費税を除く国内企業物価指数,品目,酸化プロピレン・ポリプロピレングリコール,157.2
2026-02-01,消費税を除く国内企業物価指数,品目,重包装紙袋,121.4
2026-02-01,消費税を除く国内企業物価指数,品目,金地金,409.4
2026-02-01,消費税を除く国内企業物価指数,品目,金型,127.2
2026-02-01,消費税を除く国内企業物価指数,品目,金属圧延用ロール,140.9
2026-02-01,消費税を除く国内企業物価指数,品目,金属製サッシ・ドア（除アルミニウムサッシ）,137.8
2026-02-01,消費税を除く国内企業物価指数,品目,金属製パッキン・ガスケット,125.3
2026-02-01,消費税を除く国内企業物価指数,品目,金属製棚,137.6
2026-02-01,消費税を除く国内企業物価指数,品目,金属製管継手,196.0
2026-02-01,消費税を除く国内企業物価指数,品目,金網,158.3
2026-02-01,消費税を除く国内企業物価指数,品目,鉄屑,176.5
2026-02-01,消費税を除く国内企業物価指数,品目,鉄道車両,104.5
2026-02-01,消費税を除く国内企業物価指数,品目,鉄鋼シャースリット,134.4
2026-02-01,消費税を除く国内企業物価指数,品目,鉄骨,132.6
2026-02-01,消費税を除く国内企業物価指数,品目,鉛地金・はんだ・減摩合金,264.2
2026-02-01,消費税を除く国内企業物価指数,品目,鉛蓄電池,125.8
2026-02-01,消費税を除く国内企業物価指数,品目,銀地金,570.4
2026-02-01,消費税を除く国内企業物価指数,品目,銅,301.7
2026-02-01,消費税を除く国内企業物価指数,品目,銅・アルミニウム屑,327.1
2026-02-01,消費税を除く国内企業物価指数,品目,銅・アルミニウム鋳物,188.1
2026-02-01,消費税を除く国内企業物価指数,品目,銅伸銅品,237.1
2026-02-01,消費税を除く国内企業物価指数,品目,銅巻線,223.7
2026-02-01,消費税を除く国内企業物価指数,品目,銅荒引線,298.7
2026-02-01,消費税を除く国内企業物価指数,品目,銅裸線,286.3
2026-02-01,消費税を除く国内企業物価指数,品目,鋳造装置,111.0
2026-02-01,消費税を除く国内企業物価指数,品目,鋳鉄管,137.7
2026-02-01,消費税を除く国内企業物価指数,品目,錠・かぎ・建築用金物,114.7
2026-02-01,消費税を除く国内企業物価指数,品目,鍛造品,125.8
2026-02-01,消費税を除く国内企業物価指数,品目,開閉器,139.6
2026-02-01,消費税を除く国内企業物価指数,品目,防振ゴム,125.4
2026-02-01,消費税を除く国内企業物価指数,品目,陶磁器製食器,123.8
2026-02-01,消費税を除く国内企業物価指数,品目,集成材,152.2
2026-02-01,消費税を除く国内企業物価指数,品目,集積回路,117.1
2026-02-01,消費税を除く国内企業物価指数,品目,電光表示器,123.1
2026-02-01,消費税を除く国内企業物価指数,品目,電力・通信用メタルケーブル,242.1
2026-02-01,消費税を除く国内企業物価指数,品目,電力変換装置,117.7
2026-02-01,消費税を除く国内企業物価指数,品目,電動機,115.3
2026-02-01,消費税を除く国内企業物価指数,品目,電子機器用コンデンサ,97.8
2026-02-01,消費税を除く国内企業物価指数,品目,電子機器用変成器,102.6
2026-02-01,消費税を除く国内企業物価指数,品目,電子機器用抵抗器,95.0
2026-02-01,消費税を除く国内企業物価指数,品目,電気がま,107.1
2026-02-01,消費税を除く国内企業物価指数,品目,電気冷蔵庫,94.3
2026-02-01,消費税を除く国内企業物価指数,品目,電気掃除機,105.6
2026-02-01,消費税を除く国内企業物価指数,品目,電気機器用プラスチック製品,112.4
2026-02-01,消費税を除く国内企業物価指数,品目,電気洗濯機,98.6
2026-02-01,消費税を除く国内企業物価指数,品目,電気温水器・給湯機,114.5
2026-02-01,消費税を除く国内企業物価指数,品目,電気温水洗浄便座,116.1
2026-02-01,消費税を除く国内企業物価指数,品目,電気測定器,124.7
2026-02-01,消費税を除く国内企業物価指数,品目,電気照明器具,104.1
2026-02-01,消費税を除く国内企業物価指数,品目,電気用陶磁器,125.6
2026-02-01,消費税を除く国内企業物価指数,品目,電気絶縁塗料,109.4
2026-02-01,消費税を除く国内企業物価指数,品目,電気計器,111.1
2026-02-01,消費税を除く国内企業物価指数,品目,電気音響機器,116.0
2026-02-01,消費税を除く国内企業物価指数,品目,電池用無機化学工業製品,141.1
2026-02-01,消費税を除く国内企業物価指数,品目,電源・高周波ユニット,114.8
2026-02-01,消費税を除く国内企業物価指数,品目,電球類,127.0
2026-02-01,消費税を除く国内企業物価指数,品目,非塗工印刷用紙,136.2
2026-02-01,消費税を除く国内企業物価指数,品目,革製履物,128.9
2026-02-01,消費税を除く国内企業物価指数,品目,頭髪用化粧品,97.4
2026-02-01,消費税を除く国内企業物価指数,品目,食パン,123.6
2026-02-01,消費税を除く国内企業物価指数,品目,食缶,119.6
2026-02-01,消費税を除く国内企業物価指数,品目,食酢,109.0
2026-02-01,消費税を除く国内企業物価指数,品目,飲料用プラスチックボトル,108.2
2026-02-01,消費税を除く国内企業物価指数,品目,飽和ポリエステル樹脂,129.3
2026-02-01,消費税を除く国内企業物価指数,品目,香料,105.0
2026-02-01,消費税を除く国内企業物価指数,品目,香辛料,102.9
2026-02-01,消費税を除く国内企業物価指数,品目,駆動・伝導・操縦装置部品,122.6
2026-02-01,消費税を除く国内企業物価指数,品目,高炉セメント,167.4
2026-02-01,消費税を除く国内企業物価指数,品目,鶏卵,181.0
2026-02-01,消費税を除く国内企業物価指数,品目,鶏肉,139.0
2026-02-01,消費税を除く国内企業物価指数,品目,黄銅伸銅品,264.9
2026-02-01,消費税を除く国内企業物価指数,品目,Ａ重油,181.9
2026-02-01,消費税を除く国内企業物価指数,品目,Ｂ重油・Ｃ重油,182.4
2026-02-01,消費税を除く国内企業物価指数,品目,Ｘ線装置・医療用電子応用装置,100.2
2026-02-01,消費税を除く国内企業物価指数,商品群,がん具,110.1
2026-02-01,消費税を除く国内企業物価指数,商品群,そう菜・すし・弁当,132.7
2026-02-01,消費税を除く国内企業物価指数,商品群,その他のはん用機械,126.4
2026-02-01,消費税を除く国内企業物価指数,商品群,その他のガラス製品,124.5
2026-02-01,消費税を除く国内企業物価指数,商品群,その他のゴム製品,117.8
2026-02-01,消費税を除く国内企業物価指数,商品群,その他のパルプ・紙・紙加工品,122.7
2026-02-01,消費税を除く国内企業物価指数,商品群,その他の化学最終製品,118.1
2026-02-01,消費税を除く国内企業物価指数,商品群,その他の合成樹脂,141.4
2026-02-01,消費税を除く国内企業物価指数,商品群,その他の家具・装備品,129.7
2026-02-01,消費税を除く国内企業物価指数,商品群,その他の建設用土石製品,152.5
2026-02-01,消費税を除く国内企業物価指数,商品群,その他の木製品,141.3
2026-02-01,消費税を除く国内企業物価指数,商品群,その他の水産食料品,127.6
2026-02-01,消費税を除く国内企業物価指数,商品群,その他の無機化学工業製品,141.1
2026-02-01,消費税を除く国内企業物価指数,商品群,その他の産業用電気機器,117.7
2026-02-01,消費税を除く国内企業物価指数,商品群,その他の畜産食料品,122.3
2026-02-01,消費税を除く国内企業物価指数,商品群,その他の窯業・土石製品,132.0
2026-02-01,消費税を除く国内企業物価指数,商品群,その他の紙製容器,121.5
2026-02-01,消費税を除く国内企業物価指数,商品群,その他の繊維工業製品,111.9
2026-02-01,消費税を除く国内企業物価指数,商品群,その他の繊維既製品,116.0
2026-02-01,消費税を除く国内企業物価指数,商品群,その他の衣服・身の回り品,116.4
2026-02-01,消費税を除く国内企業物価指数,商品群,その他の製造工業製品,114.3
2026-02-01,消費税を除く国内企業物価指数,商品群,その他の輸送機械,122.7
2026-02-01,消費税を除く国内企業物価指数,商品群,その他の酒類,109.2
2026-02-01,消費税を除く国内企業物価指数,商品群,その他の金属製品,133.4
2026-02-01,消費税を除く国内企業物価指数,商品群,その他の鉱物,135.1
2026-02-01,消費税を除く国内企業物価指数,商品群,その他の電子部品,108.9
2026-02-01,消費税を除く国内企業物価指数,商品群,その他の電気機械器具,145.7
2026-02-01,消費税を除く国内企業物価指数,商品群,その他の電気通信機器,120.0
2026-02-01,消費税を除く国内企業物価指数,商品群,その他の非鉄金属地金,453.3
2026-02-01,消費税を除く国内企業物価指数,商品群,その他の非鉄金属製品,362.1
2026-02-01,消費税を除く国内企業物価指数,商品群,その他の非食用耕種作物,102.3
2026-02-01,消費税を除く国内企業物価指数,商品群,その他の食料品,116.3
2026-02-01,消費税を除く国内企業物価指数,商品群,たばこ,116.7
2026-02-01,消費税を除く国内企業物価指数,商品群,でん粉,138.2
2026-02-01,消費税を除く国内企業物価指数,商品群,なめし革・革製品・毛皮,114.7
2026-02-01,消費税を除く国内企業物価指数,商品群,ねり製品,123.5
2026-02-01,消費税を除く国内企業物価指数,商品群,ぶどう糖・水あめ・異性化糖,132.2
2026-02-01,消費税を除く国内企業物価指数,商品群,めっき鋼材,145.6
2026-02-01,消費税を除く国内企業物価指数,商品群,めん類,122.0
2026-02-01,消費税を除く国内企業物価指数,商品群,アルミニウム,220.7
2026-02-01,消費税を除く国内企業物価指数,商品群,アルミ圧延製品,155.8
2026-02-01,消費税を除く国内企業物価指数,商品群,ウイスキー類,118.7
2026-02-01,消費税を除く国内企業物価指数,商品群,ガス・石油機器・暖房・調理装置,127.3
2026-02-01,消費税を除く国内企業物価指数,商品群,ガラス繊維・同製品,133.4
2026-02-01,消費税を除く国内企業物価指数,商品群,サービス用・娯楽用機器,109.4
2026-02-01,消費税を除く国内企業物価指数,商品群,セメント,166.2
2026-02-01,消費税を除く国内企業物価指数,商品群,セメント製品,140.3
2026-02-01,消費税を除く国内企業物価指数,商品群,ゼラチン・接着剤,125.3
2026-02-01,消費税を除く国内企業物価指数,商品群,ソーダ工業製品,133.0
2026-02-01,消費税を除く国内企業物価指数,商品群,タイヤ・チューブ,129.0
2026-02-01,消費税を除く国内企業物価指数,商品群,タービン,126.8
2026-02-01,消費税を除く国内企業物価指数,商品群,トラック・バス・その他の自動車,107.6
2026-02-01,消費税を除く国内企業物価指数,商品群,パン類,125.1
2026-02-01,消費税を除く国内企業物価指数,商品群,パーソナルコンピュータ,112.6
2026-02-01,消費税を除く国内企業物価指数,商品群,ビデオ機器・デジタルカメラ,114.5
2026-02-01,消費税を除く国内企業物価指数,商品群,ビール類,115.9
2026-02-01,消費税を除く国内企業物価指数,商品群,フェロアロイ,150.2
2026-02-01,消費税を除く国内企業物価指数,商品群,プラスチック製品,116.4
2026-02-01,消費税を除く国内企業物価指数,商品群,ベアリング,114.3
2026-02-01,消費税を除く国内企業物価指数,商品群,ボイラ,104.6
2026-02-01,消費税を除く国内企業物価指数,商品群,ボルト・ナット・リベット・スプリング,123.9
2026-02-01,消費税を除く国内企業物価指数,商品群,ポンプ・圧縮機,117.6
2026-02-01,消費税を除く国内企業物価指数,商品群,レトルト食品,113.5
2026-02-01,消費税を除く国内企業物価指数,商品群,ロボット,105.3
2026-02-01,消費税を除く国内企業物価指数,商品群,上水道・簡易水道,105.8
2026-02-01,消費税を除く国内企業物価指数,商品群,乗用車,104.2
2026-02-01,消費税を除く国内企業物価指数,商品群,事業用電力,121.8
2026-02-01,消費税を除く国内企業物価指数,商品群,二輪自動車,110.8
2026-02-01,消費税を除く国内企業物価指数,商品群,伸銅品,249.7
2026-02-01,消費税を除く国内企業物価指数,商品群,光学機械・レンズ,109.8
2026-02-01,消費税を除く国内企業物価指数,商品群,内燃機関電装品,117.5
2026-02-01,消費税を除く国内企業物価指数,商品群,写真感光材料,106.4
2026-02-01,消費税を除く国内企業物価指数,商品群,冷凍機・温湿調整装置,111.4
2026-02-01,消費税を除く国内企業物価指数,商品群,冷凍調理食品,127.2
2026-02-01,消費税を除く国内企業物価指数,商品群,冷間仕上鋼材,153.2
2026-02-01,消費税を除く国内企業物価指数,商品群,動植物油脂,154.0
2026-02-01,消費税を除く国内企業物価指数,商品群,化学機械,116.0
2026-02-01,消費税を除く国内企業物価指数,商品群,化学繊維,111.4
2026-02-01,消費税を除く国内企業物価指数,商品群,化学肥料,161.2
2026-02-01,消費税を除く国内企業物価指数,商品群,化粧品・歯磨,101.9
2026-02-01,消費税を除く国内企業物価指数,商品群,医療用機械器具,110.8
2026-02-01,消費税を除く国内企業物価指数,商品群,医薬品,83.9
2026-02-01,消費税を除く国内企業物価指数,商品群,半導体素子,107.8
2026-02-01,消費税を除く国内企業物価指数,商品群,半導体製造装置,109.8
2026-02-01,消費税を除く国内企業物価指数,商品群,印刷インキ,138.1
2026-02-01,消費税を除く国内企業物価指数,商品群,印刷・製版・製本,122.1
2026-02-01,消費税を除く国内企業物価指数,商品群,原動機,124.4
2026-02-01,消費税を除く国内企業物価指数,商品群,古紙,119.5
2026-02-01,消費税を除く国内企業物価指数,商品群,合成ゴム,159.5
2026-02-01,消費税を除く国内企業物価指数,商品群,合板・集成材,133.8
2026-02-01,消費税を除く国内企業物価指数,商品群,回転電気機械,115.3
2026-02-01,消費税を除く国内企業物価指数,商品群,圧縮ガス・液化ガス,125.6
2026-02-01,消費税を除く国内企業物価指数,商品群,塗工紙・建設用加工紙,137.4
2026-02-01,消費税を除く国内企業物価指数,商品群,塗料,121.6
2026-02-01,消費税を除く国内企業物価指数,商品群,塩,141.7
2026-02-01,消費税を除く国内企業物価指数,商品群,塩・干・くん製品,183.1
2026-02-01,消費税を除く国内企業物価指数,商品群,変圧器・変成器,153.7
2026-02-01,消費税を除く国内企業物価指数,商品群,工業用水,102.1
2026-02-01,消費税を除く国内企業物価指数,商品群,建築用金属製品,136.0
2026-02-01,消費税を除く国内企業物価指数,商品群,建設・鉱山機械,115.3
2026-02-01,消費税を除く国内企業物価指数,商品群,建設用金属製品,134.4
2026-02-01,消費税を除く国内企業物価指数,商品群,有線電気通信機器,114.9
2026-02-01,消費税を除く国内企業物価指数,商品群,木材チップ,127.3
2026-02-01,消費税を除く国内企業物価指数,商品群,木製家具,125.6
2026-02-01,消費税を除く国内企業物価指数,商品群,木製建具,115.5
2026-02-01,消費税を除く国内企業物価指数,商品群,板ガラス・安全ガラス,133.1
2026-02-01,消費税を除く国内企業物価指数,商品群,板紙,140.7
2026-02-01,消費税を除く国内企業物価指数,商品群,機械工具,124.2
2026-02-01,消費税を除く国内企業物価指数,商品群,段ボール,135.6
2026-02-01,消費税を除く国内企業物価指数,商品群,段ボール箱,125.0
2026-02-01,消費税を除く国内企業物価指数,商品群,民生用エアコンディショナ,121.9
2026-02-01,消費税を除く国内企業物価指数,商品群,民生用電気機器（除民生用エアコンディショナ）,107.5
2026-02-01,消費税を除く国内企業物価指数,商品群,水産びん・かん詰,128.1
2026-02-01,消費税を除く国内企業物価指数,商品群,油脂加工製品・界面活性剤,119.4
2026-02-01,消費税を除く国内企業物価指数,商品群,洋紙・和紙,135.2
2026-02-01,消費税を除く国内企業物価指数,商品群,海面養殖業,162.6
2026-02-01,消費税を除く国内企業物価指数,商品群,液晶パネル,92.7
2026-02-01,消費税を除く国内企業物価指数,商品群,清涼飲料,122.6
2026-02-01,消費税を除く国内企業物価指数,商品群,清酒,122.4
2026-02-01,消費税を除く国内企業物価指数,商品群,炭素・黒鉛製品,104.7
2026-02-01,消費税を除く国内企業物価指数,商品群,無機顔料,141.3
2026-02-01,消費税を除く国内企業物価指数,商品群,無線電気通信機器,113.1
2026-02-01,消費税を除く国内企業物価指数,商品群,熱可塑性樹脂,156.8
2026-02-01,消費税を除く国内企業物価指数,商品群,熱硬化性樹脂,136.4
2026-02-01,消費税を除く国内企業物価指数,商品群,熱間圧延鋼材,143.4
2026-02-01,消費税を除く国内企業物価指数,商品群,環式中間物・合成染料・有機顔料,145.4
2026-02-01,消費税を除く国内企業物価指数,商品群,生コンクリート,156.5
2026-02-01,消費税を除く国内企業物価指数,商品群,生活関連産業用機械,118.2
2026-02-01,消費税を除く国内企業物価指数,商品群,真空装置・真空機器,110.3
2026-02-01,消費税を除く国内企業物価指数,商品群,石油化学基礎製品,184.3
2026-02-01,消費税を除く国内企業物価指数,商品群,石油化学系芳香族製品,217.3
2026-02-01,消費税を除く国内企業物価指数,商品群,石油製品,146.0
2026-02-01,消費税を除く国内企業物価指数,商品群,石炭・原油・天然ガス,162.9
2026-02-01,消費税を除く国内企業物価指数,商品群,石炭製品,201.5
2026-02-01,消費税を除く国内企業物価指数,商品群,砂利・採石,135.6
2026-02-01,消費税を除く国内企業物価指数,商品群,砂糖,133.2
2026-02-01,消費税を除く国内企業物価指数,商品群,砂糖原料作物,134.2
2026-02-01,消費税を除く国内企業物価指数,商品群,研磨材,122.2
2026-02-01,消費税を除く国内企業物価指数,商品群,砕石,124.7
2026-02-01,消費税を除く国内企業物価指数,商品群,筆記具・文具,103.2
2026-02-01,消費税を除く国内企業物価指数,商品群,米,229.5
2026-02-01,消費税を除く国内企業物価指数,商品群,精穀,209.9
2026-02-01,消費税を除く国内企業物価指数,商品群,紙製衛生材料・用品,120.9
2026-02-01,消費税を除く国内企業物価指数,商品群,素材,123.6
2026-02-01,消費税を除く国内企業物価指数,商品群,紡績糸,141.7
2026-02-01,消費税を除く国内企業物価指数,商品群,織物,121.0
2026-02-01,消費税を除く国内企業物価指数,商品群,織物製・ニット製衣服,114.9
2026-02-01,消費税を除く国内企業物価指数,商品群,耐火物,133.1
2026-02-01,消費税を除く国内企業物価指数,商品群,脂肪族中間物,146.2
2026-02-01,消費税を除く国内企業物価指数,商品群,自動車用内燃機関,107.8
2026-02-01,消費税を除く国内企業物価指数,商品群,自動車部品,117.2
2026-02-01,消費税を除く国内企業物価指数,商品群,自転車,117.8
2026-02-01,消費税を除く国内企業物価指数,商品群,舗装材料,109.4
2026-02-01,消費税を除く国内企業物価指数,商品群,航空機,126.4
2026-02-01,消費税を除く国内企業物価指数,商品群,舶用内燃機関,123.5
2026-02-01,消費税を除く国内企業物価指数,商品群,茶・コーヒー,169.9
2026-02-01,消費税を除く国内企業物価指数,商品群,菓子類,130.7
2026-02-01,消費税を除く国内企業物価指数,商品群,製材,136.6
2026-02-01,消費税を除く国内企業物価指数,商品群,製氷,118.0
2026-02-01,消費税を除く国内企業物価指数,商品群,製粉,121.7
2026-02-01,消費税を除く国内企業物価指数,商品群,計測機器,116.6
2026-02-01,消費税を除く国内企業物価指数,商品群,調味料,121.5
2026-02-01,消費税を除く国内企業物価指数,商品群,身辺細貨品,200.9
2026-02-01,消費税を除く国内企業物価指数,商品群,農業用機械,117.8
2026-02-01,消費税を除く国内企業物価指数,商品群,農産保存食料品,120.1
2026-02-01,消費税を除く国内企業物価指数,商品群,農薬,121.5
2026-02-01,消費税を除く国内企業物価指数,商品群,運動用品,112.8
2026-02-01,消費税を除く国内企業物価指数,商品群,運搬機械,123.6
2026-02-01,消費税を除く国内企業物価指数,商品群,都市ガス,137.3
2026-02-01,消費税を除く国内企業物価指数,商品群,配管工事附属品・粉末や金製品・道具類,144.1
2026-02-01,消費税を除く国内企業物価指数,商品群,配線器具,122.1
2026-02-01,消費税を除く国内企業物価指数,商品群,酪農,121.0
2026-02-01,消費税を除く国内企業物価指数,商品群,酪農品,123.4
2026-02-01,消費税を除く国内企業物価指数,商品群,金型,127.2
2026-02-01,消費税を除く国内企業物価指数,商品群,金属加工機械,111.8
2026-02-01,消費税を除く国内企業物価指数,商品群,金属工作機械,123.2
2026-02-01,消費税を除く国内企業物価指数,商品群,金属製家具,134.4
2026-02-01,消費税を除く国内企業物価指数,商品群,金属製容器・製缶板金製品,133.1
2026-02-01,消費税を除く国内企業物価指数,商品群,鉄屑,176.5
2026-02-01,消費税を除く国内企業物価指数,商品群,鉄道車両,104.5
2026-02-01,消費税を除く国内企業物価指数,商品群,鉄鋼シャースリット,134.4
2026-02-01,消費税を除く国内企業物価指数,商品群,鉛・亜鉛,264.2
2026-02-01,消費税を除く国内企業物価指数,商品群,銅,301.7
2026-02-01,消費税を除く国内企業物価指数,商品群,鋳造装置・プラスチック加工機械,119.3
2026-02-01,消費税を除く国内企業物価指数,商品群,鋳鉄管,137.7
2026-02-01,消費税を除く国内企業物価指数,商品群,鋳鍛鋼・鋳鉄品・鍛工品,129.3
2026-02-01,消費税を除く国内企業物価指数,商品群,鋼管,137.0
2026-02-01,消費税を除く国内企業物価指数,商品群,開閉制御装置・配電盤,129.1
2026-02-01,消費税を除く国内企業物価指数,商品群,陶磁器,125.2
2026-02-01,消費税を除く国内企業物価指数,商品群,集積回路,117.1
2026-02-01,消費税を除く国内企業物価指数,商品群,電子回路,120.5
2026-02-01,消費税を除く国内企業物価指数,商品群,電子応用装置,103.0
2026-02-01,消費税を除く国内企業物価指数,商品群,電子計算機附属装置,115.4
2026-02-01,消費税を除く国内企業物価指数,商品群,電気照明器具,104.1
2026-02-01,消費税を除く国内企業物価指数,商品群,電気計測器,103.6
2026-02-01,消費税を除く国内企業物価指数,商品群,電気音響機器,116.0
2026-02-01,消費税を除く国内企業物価指数,商品群,電池,117.9
2026-02-01,消費税を除く国内企業物価指数,商品群,電球類,127.0
2026-02-01,消費税を除く国内企業物価指数,商品群,電線・ケーブル,266.6
2026-02-01,消費税を除く国内企業物価指数,商品群,非鉄金属屑,327.1
2026-02-01,消費税を除く国内企業物価指数,商品群,非鉄金属素形材,148.1
2026-02-01,消費税を除く国内企業物価指数,商品群,革製履物,128.9
2026-02-01,消費税を除く国内企業物価指数,商品群,食肉,116.3
2026-02-01,消費税を除く国内企業物価指数,商品群,飼料,155.4
2026-02-01,消費税を除く国内企業物価指数,商品群,高機能性樹脂,129.9
2026-02-01,消費税を除く国内企業物価指数,商品群,鶏卵,181.0
2026-02-01,消費税を除く国内企業物価指数,大類別,スクラップ類,185.2
2026-02-01,消費税を除く国内企業物価指数,大類別,工業製品,126.2
2026-02-01,消費税を除く国内企業物価指数,大類別,農林水産物,174.4
2026-02-01,消費税を除く国内企業物価指数,大類別,鉱産物,139.5
2026-02-01,消費税を除く国内企業物価指数,大類別,電力・都市ガス・水道,123.1
2026-02-01,消費税を除く国内企業物価指数,小類別,その他の鉱業,129.6
2026-02-01,消費税を除く国内企業物価指数,小類別,その他窯業・土石製品,127.7
2026-02-01,消費税を除く国内企業物価指数,小類別,その他自動車,107.6
2026-02-01,消費税を除く国内企業物価指数,小類別,その他製造工業製品,119.1
2026-02-01,消費税を除く国内企業物価指数,小類別,その他輸送機械,118.6
2026-02-01,消費税を除く国内企業物価指数,小類別,その他金属製品,132.2
2026-02-01,消費税を除く国内企業物価指数,小類別,その他鉄鋼製品,134.4
2026-02-01,消費税を除く国内企業物価指数,小類別,その他電子部品,112.6
2026-02-01,消費税を除く国内企業物価指数,小類別,その他電気機械,112.9
2026-02-01,消費税を除く国内企業物価指数,小類別,たばこ,116.7
2026-02-01,消費税を除く国内企業物価指数,小類別,はん用機器,118.2
2026-02-01,消費税を除く国内企業物価指数,小類別,ガラス・ガラス製品,130.9
2026-02-01,消費税を除く国内企業物価指数,小類別,ゴム製品,123.0
2026-02-01,消費税を除く国内企業物価指数,小類別,スクラップ類,185.2
2026-02-01,消費税を除く国内企業物価指数,小類別,セメント・セメント製品,152.7
2026-02-01,消費税を除く国内企業物価指数,小類別,パルプ・紙・板紙・加工紙,137.2
2026-02-01,消費税を除く国内企業物価指数,小類別,プラスチック製品,116.4
2026-02-01,消費税を除く国内企業物価指数,小類別,乗用車,104.2
2026-02-01,消費税を除く国内企業物価指数,小類別,化学最終製品,115.2
2026-02-01,消費税を除く国内企業物価指数,小類別,化学繊維,111.4
2026-02-01,消費税を除く国内企業物価指数,小類別,化学肥料,161.2
2026-02-01,消費税を除く国内企業物価指数,小類別,医薬品,83.9
2026-02-01,消費税を除く国内企業物価指数,小類別,印刷・製版・製本,122.1
2026-02-01,消費税を除く国内企業物価指数,小類別,合成樹脂,147.9
2026-02-01,消費税を除く国内企業物価指数,小類別,家具・装備品,126.3
2026-02-01,消費税を除く国内企業物価指数,小類別,建設用・建築用金属製品,135.0
2026-02-01,消費税を除く国内企業物価指数,小類別,有機化学工業製品,148.8
2026-02-01,消費税を除く国内企業物価指数,小類別,木材・木製品,137.7
2026-02-01,消費税を除く国内企業物価指数,小類別,林業,123.6
2026-02-01,消費税を除く国内企業物価指数,小類別,業務用機器,111.7
2026-02-01,消費税を除く国内企業物価指数,小類別,民生用電気機器,112.8
2026-02-01,消費税を除く国内企業物価指数,小類別,水道,105.1
2026-02-01,消費税を除く国内企業物価指数,小類別,漁業,179.9
2026-02-01,消費税を除く国内企業物価指数,小類別,無機化学工業製品,133.0
2026-02-01,消費税を除く国内企業物価指数,小類別,生産用機器,118.0
2026-02-01,消費税を除く国内企業物価指数,小類別,産業用電気機器,124.6
2026-02-01,消費税を除く国内企業物価指数,小類別,畜産,125.7
2026-02-01,消費税を除く国内企業物価指数,小類別,石油化学系基礎製品,195.0
2026-02-01,消費税を除く国内企業物価指数,小類別,石油製品,146.0
2026-02-01,消費税を除く国内企業物価指数,小類別,石炭・原油・天然ガス,162.9
2026-02-01,消費税を除く国内企業物価指数,小類別,石炭製品・舗装材料,142.6
2026-02-01,消費税を除く国内企業物価指数,小類別,紙加工品,123.3
2026-02-01,消費税を除く国内企業物価指数,小類別,繊維工業製品,121.6
2026-02-01,消費税を除く国内企業物価指数,小類別,耕種農業,214.9
2026-02-01,消費税を除く国内企業物価指数,小類別,自動車部品・同附属品,115.0
2026-02-01,消費税を除く国内企業物価指数,小類別,船舶,123.5
2026-02-01,消費税を除く国内企業物価指数,小類別,衣服・その他繊維既製品,115.3
2026-02-01,消費税を除く国内企業物価指数,小類別,通信・映像・音響機器,114.5
2026-02-01,消費税を除く国内企業物価指数,小類別,都市ガス,137.3
2026-02-01,消費税を除く国内企業物価指数,小類別,銑鉄・粗鋼,150.2
2026-02-01,消費税を除く国内企業物価指数,小類別,鋳鍛造品,130.0
2026-02-01,消費税を除く国内企業物価指数,小類別,鋼材,145.3
2026-02-01,消費税を除く国内企業物価指数,小類別,陶磁器,125.2
2026-02-01,消費税を除く国内企業物価指数,小類別,電力,121.8
2026-02-01,消費税を除く国内企業物価指数,小類別,電子デバイス,104.8
2026-02-01,消費税を除く国内企業物価指数,小類別,電子応用装置・電気計測器,103.4
2026-02-01,消費税を除く国内企業物価指数,小類別,電子計算機・同附属装置,114.0
2026-02-01,消費税を除く国内企業物価指数,小類別,非鉄金属加工製品,214.4
2026-02-01,消費税を除く国内企業物価指数,小類別,非鉄金属製錬・精製,292.0
2026-02-01,消費税を除く国内企業物価指数,小類別,革製履物・なめし革・革製品・毛皮,123.0
2026-02-01,消費税を除く国内企業物価指数,小類別,食料品,127.3
2026-02-01,消費税を除く国内企業物価指数,小類別,飲料,122.8
2026-02-01,消費税を除く国内企業物価指数,小類別,飼料・有機質肥料,155.4
2026-02-01,消費税を除く国内企業物価指数,総平均,,128.3
2026-02-01,消費税を除く国内企業物価指数,総平均,,128.3
2026-02-01,消費税を除く国内企業物価指数,類別,その他工業製品,122.4
2026-02-01,消費税を除く国内企業物価指数,類別,はん用機器,118.2
2026-02-01,消費税を除く国内企業物価指数,類別,スクラップ類,185.2
2026-02-01,消費税を除く国内企業物価指数,類別,パルプ・紙・同製品,129.7
2026-02-01,消費税を除く国内企業物価指数,類別,プラスチック製品,116.4
2026-02-01,消費税を除く国内企業物価指数,類別,化学製品,114.3
2026-02-01,消費税を除く国内企業物価指数,類別,情報通信機器,114.3
2026-02-01,消費税を除く国内企業物価指数,類別,木材・木製品,137.7
2026-02-01,消費税を除く国内企業物価指数,類別,業務用機器,111.7
2026-02-01,消費税を除く国内企業物価指数,類別,生産用機器,118.0
2026-02-01,消費税を除く国内企業物価指数,類別,石油・石炭製品,145.8
2026-02-01,消費税を除く国内企業物価指数,類別,窯業・土石製品,141.4
2026-02-01,消費税を除く国内企業物価指数,類別,繊維製品,116.3
2026-02-01,消費税を除く国内企業物価指数,類別,輸送用機器,111.5
2026-02-01,消費税を除く国内企業物価指数,類別,農林水産物,174.4
2026-02-01,消費税を除く国内企業物価指数,類別,金属製品,133.4
2026-02-01,消費税を除く国内企業物価指数,類別,鉄鋼,141.5
2026-02-01,消費税を除く国内企業物価指数,類別,鉱産物,139.5
2026-02-01,消費税を除く国内企業物価指数,類別,電力・都市ガス・水道,123.1
2026-02-01,消費税を除く国内企業物価指数,類別,電子部品・デバイス,110.0
2026-02-01,消費税を除く国内企業物価指数,類別,電気機器,117.7
2026-02-01,消費税を除く国内企業物価指数,類別,非鉄金属,236.7
2026-02-01,消費税を除く国内企業物価指数,類別,飲食料品,126.8
